{"v":"5.1.1","fr":12,"ip":0,"op":28,"w":400,"h":400,"nm":"star_final","ddd":0,"assets":[{"id":"comp_54","layers":[{"ddd":0,"ind":1,"ty":4,"nm":"star_highlight 2","parent":3,"sr":1,"ks":{"o":{"a":0,"k":100,"ix":11},"r":{"a":0,"k":0,"ix":10},"p":{"a":0,"k":[6.175,-32.519,0],"ix":2},"a":{"a":0,"k":[6.5,-34,0],"ix":1},"s":{"a":0,"k":[95,95,100],"ix":6}},"ao":0,"shapes":[{"ty":"gr","it":[{"ind":0,"ty":"sh","ix":1,"ks":{"a":0,"k":{"i":[[0,0],[0,0]],"o":[[0,0],[0,0]],"v":[[3,-41],[10,-27]],"c":false},"ix":2},"nm":"Path 1","mn":"ADBE Vector Shape - Group","hd":false},{"ty":"st","c":{"a":0,"k":[1,0.854901969433,0.407843142748,1],"ix":3},"o":{"a":0,"k":100,"ix":4},"w":{"a":0,"k":5,"ix":5},"lc":2,"lj":1,"ml":10,"nm":"Stroke 1","mn":"ADBE Vector Graphic - Stroke","hd":false},{"ty":"tr","p":{"a":0,"k":[0,0],"ix":2},"a":{"a":0,"k":[0,0],"ix":1},"s":{"a":0,"k":[100,100],"ix":3},"r":{"a":0,"k":0,"ix":6},"o":{"a":0,"k":100,"ix":7},"sk":{"a":0,"k":0,"ix":4},"sa":{"a":0,"k":0,"ix":5},"nm":"Transform"}],"nm":"null","np":2,"cix":2,"ix":1,"mn":"ADBE Vector Group","hd":false}],"ip":0,"op":36,"st":0,"bm":0},{"ddd":0,"ind":2,"ty":4,"nm":"star_highlight","parent":5,"sr":1,"ks":{"o":{"a":0,"k":100,"ix":11},"r":{"a":0,"k":0,"ix":10},"p":{"a":0,"k":[6.175,-32.519,0],"ix":2},"a":{"a":0,"k":[6.5,-34,0],"ix":1},"s":{"a":0,"k":[95,95,100],"ix":6}},"ao":0,"shapes":[{"ty":"gr","it":[{"ind":0,"ty":"sh","ix":1,"ks":{"a":0,"k":{"i":[[0,0],[0,0]],"o":[[0,0],[0,0]],"v":[[3,-41],[10,-27]],"c":false},"ix":2},"nm":"Path 1","mn":"ADBE Vector Shape - Group","hd":false},{"ty":"st","c":{"a":0,"k":[1,0.854901969433,0.407843142748,1],"ix":3},"o":{"a":0,"k":100,"ix":4},"w":{"a":0,"k":5,"ix":5},"lc":2,"lj":1,"ml":10,"nm":"Stroke 1","mn":"ADBE Vector Graphic - Stroke","hd":false},{"ty":"tr","p":{"a":0,"k":[0,0],"ix":2},"a":{"a":0,"k":[0,0],"ix":1},"s":{"a":0,"k":[100,100],"ix":3},"r":{"a":0,"k":0,"ix":6},"o":{"a":0,"k":100,"ix":7},"sk":{"a":0,"k":0,"ix":4},"sa":{"a":0,"k":0,"ix":5},"nm":"Transform"}],"nm":"null","np":2,"cix":2,"ix":1,"mn":"ADBE Vector Group","hd":false}],"ip":0,"op":36,"st":0,"bm":0},{"ddd":0,"ind":3,"ty":4,"nm":"star_front 2","sr":1,"ks":{"o":{"a":0,"k":100,"ix":11},"r":{"a":0,"k":0,"ix":10},"p":{"a":1,"k":[{"i":{"x":0.667,"y":1},"o":{"x":0.333,"y":0},"n":"0p667_1_0p333_0","t":8,"s":[221,195.627,0],"e":[200,195.627,0],"to":[0,0,0],"ti":[0,0,0]},{"t":11}],"ix":2},"a":{"a":0,"k":[0,-4.373,0],"ix":1},"s":{"a":1,"k":[{"i":{"x":[0.667,0.667,0.667],"y":[1,1,1]},"o":{"x":[0.333,0.333,0.333],"y":[0,0,0]},"n":["0p667_1_0p333_0","0p667_1_0p333_0","0p667_1_0p333_0"],"t":8,"s":[0,100,100],"e":[100,100,100]},{"t":11}],"ix":6}},"ao":0,"shapes":[{"ty":"gr","it":[{"ind":0,"ty":"sh","ix":1,"ks":{"a":0,"k":{"i":[[-1.825,-3.698],[0,0],[-1.621,-0.235],[0,0],[2.953,-2.878],[0,0],[-0.277,-1.614],[0,0],[3.65,1.919],[0,0],[1.449,-0.762],[0,0],[-0.697,4.064],[0,0],[1.173,1.143],[0,0],[-4.081,0.593],[0,0],[-0.725,1.468],[0,0]],"o":[[0,0],[0.725,1.468],[0,0],[4.081,0.593],[0,0],[-1.173,1.143],[0,0],[0.697,4.064],[0,0],[-1.449,-0.762],[0,0],[-3.65,1.919],[0,0],[0.277,-1.614],[0,0],[-2.953,-2.878],[0,0],[1.621,-0.235],[0,0],[1.825,-3.698]],"v":[[4.462,-51.216],[16.649,-26.521],[20.396,-23.8],[47.648,-19.839],[50.406,-11.353],[30.685,7.869],[29.254,12.273],[33.91,39.416],[26.691,44.661],[2.315,31.846],[-2.315,31.846],[-26.691,44.661],[-33.91,39.416],[-29.254,12.273],[-30.685,7.869],[-50.406,-11.353],[-47.648,-19.839],[-20.396,-23.8],[-16.649,-26.521],[-4.462,-51.216]],"c":true},"ix":2},"nm":"Path 1","mn":"ADBE Vector Shape - Group","hd":false},{"ty":"fl","c":{"a":0,"k":[1,0.698039233685,0,1],"ix":4},"o":{"a":0,"k":100,"ix":5},"r":1,"nm":"Fill 1","mn":"ADBE Vector Graphic - Fill","hd":false},{"ty":"tr","p":{"a":0,"k":[0,0],"ix":2},"a":{"a":0,"k":[0,0],"ix":1},"s":{"a":0,"k":[100,100],"ix":3},"r":{"a":0,"k":0,"ix":6},"o":{"a":0,"k":100,"ix":7},"sk":{"a":0,"k":0,"ix":4},"sa":{"a":0,"k":0,"ix":5},"nm":"Transform"}],"nm":"null","np":2,"cix":2,"ix":1,"mn":"ADBE Vector Group","hd":false}],"ip":0,"op":36,"st":0,"bm":0},{"ddd":0,"ind":4,"ty":4,"nm":"star_back 2","sr":1,"ks":{"o":{"a":0,"k":100,"ix":11},"r":{"a":0,"k":0,"ix":10},"p":{"a":1,"k":[{"i":{"x":0.667,"y":1},"o":{"x":0.333,"y":0},"n":"0p667_1_0p333_0","t":8,"s":[179,195.627,0],"e":[200,195.627,0],"to":[0,0,0],"ti":[0,0,0]},{"t":11}],"ix":2},"a":{"a":0,"k":[0,-4.373,0],"ix":1},"s":{"a":1,"k":[{"i":{"x":[0.667,0.667,0.667],"y":[1,1,1]},"o":{"x":[0.333,0.333,0.333],"y":[0,0,0]},"n":["0p667_1_0p333_0","0p667_1_0p333_0","0p667_1_0p333_0"],"t":8,"s":[0,100,100],"e":[100,100,100]},{"t":11}],"ix":6}},"ao":0,"shapes":[{"ty":"gr","it":[{"ind":0,"ty":"sh","ix":1,"ks":{"a":0,"k":{"i":[[-1.825,-3.698],[0,0],[-1.621,-0.235],[0,0],[2.953,-2.878],[0,0],[-0.277,-1.614],[0,0],[3.65,1.919],[0,0],[1.449,-0.762],[0,0],[-0.697,4.064],[0,0],[1.173,1.143],[0,0],[-4.081,0.593],[0,0],[-0.725,1.468],[0,0]],"o":[[0,0],[0.725,1.468],[0,0],[4.081,0.593],[0,0],[-1.173,1.143],[0,0],[0.697,4.064],[0,0],[-1.449,-0.762],[0,0],[-3.65,1.919],[0,0],[0.277,-1.614],[0,0],[-2.953,-2.878],[0,0],[1.621,-0.235],[0,0],[1.825,-3.698]],"v":[[4.462,-51.216],[16.649,-26.521],[20.396,-23.8],[47.648,-19.839],[50.406,-11.353],[30.685,7.869],[29.254,12.273],[33.91,39.416],[26.691,44.661],[2.315,31.846],[-2.315,31.846],[-26.691,44.661],[-33.91,39.416],[-29.254,12.273],[-30.685,7.869],[-50.406,-11.353],[-47.648,-19.839],[-20.396,-23.8],[-16.649,-26.521],[-4.462,-51.216]],"c":true},"ix":2},"nm":"Path 1","mn":"ADBE Vector Shape - Group","hd":false},{"ty":"fl","c":{"a":0,"k":[0.964705884457,0.623529434204,0,1],"ix":4},"o":{"a":0,"k":100,"ix":5},"r":1,"nm":"Fill 1","mn":"ADBE Vector Graphic - Fill","hd":false},{"ty":"tr","p":{"a":0,"k":[0,0],"ix":2},"a":{"a":0,"k":[0,0],"ix":1},"s":{"a":0,"k":[100,100],"ix":3},"r":{"a":0,"k":0,"ix":6},"o":{"a":0,"k":100,"ix":7},"sk":{"a":0,"k":0,"ix":4},"sa":{"a":0,"k":0,"ix":5},"nm":"Transform"}],"nm":"null","np":2,"cix":2,"ix":1,"mn":"ADBE Vector Group","hd":false}],"ip":0,"op":36,"st":0,"bm":0},{"ddd":0,"ind":5,"ty":4,"nm":"star_front","sr":1,"ks":{"o":{"a":0,"k":100,"ix":11},"r":{"a":0,"k":0,"ix":10},"p":{"a":1,"k":[{"i":{"x":0.667,"y":1},"o":{"x":0.333,"y":0},"n":"0p667_1_0p333_0","t":6,"s":[200,195.627,0],"e":[179,195.627,0],"to":[0,0,0],"ti":[0,0,0]},{"t":9}],"ix":2},"a":{"a":0,"k":[0,-4.373,0],"ix":1},"s":{"a":1,"k":[{"i":{"x":[0.667,0.667,0.667],"y":[1,1,1]},"o":{"x":[0.333,0.333,0.333],"y":[0,0,0]},"n":["0p667_1_0p333_0","0p667_1_0p333_0","0p667_1_0p333_0"],"t":6,"s":[100,100,100],"e":[0,100,100]},{"t":9}],"ix":6}},"ao":0,"shapes":[{"ty":"gr","it":[{"ind":0,"ty":"sh","ix":1,"ks":{"a":0,"k":{"i":[[-1.825,-3.698],[0,0],[-1.621,-0.235],[0,0],[2.953,-2.878],[0,0],[-0.277,-1.614],[0,0],[3.65,1.919],[0,0],[1.449,-0.762],[0,0],[-0.697,4.064],[0,0],[1.173,1.143],[0,0],[-4.081,0.593],[0,0],[-0.725,1.468],[0,0]],"o":[[0,0],[0.725,1.468],[0,0],[4.081,0.593],[0,0],[-1.173,1.143],[0,0],[0.697,4.064],[0,0],[-1.449,-0.762],[0,0],[-3.65,1.919],[0,0],[0.277,-1.614],[0,0],[-2.953,-2.878],[0,0],[1.621,-0.235],[0,0],[1.825,-3.698]],"v":[[4.462,-51.216],[16.649,-26.521],[20.396,-23.8],[47.648,-19.839],[50.406,-11.353],[30.685,7.869],[29.254,12.273],[33.91,39.416],[26.691,44.661],[2.315,31.846],[-2.315,31.846],[-26.691,44.661],[-33.91,39.416],[-29.254,12.273],[-30.685,7.869],[-50.406,-11.353],[-47.648,-19.839],[-20.396,-23.8],[-16.649,-26.521],[-4.462,-51.216]],"c":true},"ix":2},"nm":"Path 1","mn":"ADBE Vector Shape - Group","hd":false},{"ty":"fl","c":{"a":0,"k":[1,0.698039233685,0,1],"ix":4},"o":{"a":0,"k":100,"ix":5},"r":1,"nm":"Fill 1","mn":"ADBE Vector Graphic - Fill","hd":false},{"ty":"tr","p":{"a":0,"k":[0,0],"ix":2},"a":{"a":0,"k":[0,0],"ix":1},"s":{"a":0,"k":[100,100],"ix":3},"r":{"a":0,"k":0,"ix":6},"o":{"a":0,"k":100,"ix":7},"sk":{"a":0,"k":0,"ix":4},"sa":{"a":0,"k":0,"ix":5},"nm":"Transform"}],"nm":"null","np":2,"cix":2,"ix":1,"mn":"ADBE Vector Group","hd":false}],"ip":0,"op":36,"st":0,"bm":0},{"ddd":0,"ind":6,"ty":4,"nm":"star_back","sr":1,"ks":{"o":{"a":0,"k":100,"ix":11},"r":{"a":0,"k":0,"ix":10},"p":{"a":1,"k":[{"i":{"x":0.667,"y":1},"o":{"x":0.333,"y":0},"n":"0p667_1_0p333_0","t":6,"s":[200,195.627,0],"e":[221,195.627,0],"to":[0,0,0],"ti":[0,0,0]},{"t":9}],"ix":2},"a":{"a":0,"k":[0,-4.373,0],"ix":1},"s":{"a":1,"k":[{"i":{"x":[0.667,0.667,0.667],"y":[1,1,1]},"o":{"x":[0.333,0.333,0.333],"y":[0,0,0]},"n":["0p667_1_0p333_0","0p667_1_0p333_0","0p667_1_0p333_0"],"t":6,"s":[100,100,100],"e":[0,100,100]},{"t":9}],"ix":6}},"ao":0,"shapes":[{"ty":"gr","it":[{"ind":0,"ty":"sh","ix":1,"ks":{"a":0,"k":{"i":[[-1.825,-3.698],[0,0],[-1.621,-0.235],[0,0],[2.953,-2.878],[0,0],[-0.277,-1.614],[0,0],[3.65,1.919],[0,0],[1.449,-0.762],[0,0],[-0.697,4.064],[0,0],[1.173,1.143],[0,0],[-4.081,0.593],[0,0],[-0.725,1.468],[0,0]],"o":[[0,0],[0.725,1.468],[0,0],[4.081,0.593],[0,0],[-1.173,1.143],[0,0],[0.697,4.064],[0,0],[-1.449,-0.762],[0,0],[-3.65,1.919],[0,0],[0.277,-1.614],[0,0],[-2.953,-2.878],[0,0],[1.621,-0.235],[0,0],[1.825,-3.698]],"v":[[4.462,-51.216],[16.649,-26.521],[20.396,-23.8],[47.648,-19.839],[50.406,-11.353],[30.685,7.869],[29.254,12.273],[33.91,39.416],[26.691,44.661],[2.315,31.846],[-2.315,31.846],[-26.691,44.661],[-33.91,39.416],[-29.254,12.273],[-30.685,7.869],[-50.406,-11.353],[-47.648,-19.839],[-20.396,-23.8],[-16.649,-26.521],[-4.462,-51.216]],"c":true},"ix":2},"nm":"Path 1","mn":"ADBE Vector Shape - Group","hd":false},{"ty":"fl","c":{"a":0,"k":[0.964705884457,0.623529434204,0,1],"ix":4},"o":{"a":0,"k":100,"ix":5},"r":1,"nm":"Fill 1","mn":"ADBE Vector Graphic - Fill","hd":false},{"ty":"tr","p":{"a":0,"k":[0,0],"ix":2},"a":{"a":0,"k":[0,0],"ix":1},"s":{"a":0,"k":[100,100],"ix":3},"r":{"a":0,"k":0,"ix":6},"o":{"a":0,"k":100,"ix":7},"sk":{"a":0,"k":0,"ix":4},"sa":{"a":0,"k":0,"ix":5},"nm":"Transform"}],"nm":"null","np":2,"cix":2,"ix":1,"mn":"ADBE Vector Group","hd":false}],"ip":0,"op":36,"st":0,"bm":0},{"ddd":0,"ind":7,"ty":4,"nm":"star_side 3","sr":1,"ks":{"o":{"a":0,"k":100,"ix":11},"r":{"a":0,"k":0,"ix":10},"p":{"s":true,"x":{"a":1,"k":[{"i":{"x":[0.833],"y":[0.833]},"o":{"x":[0.167],"y":[0.167]},"n":["0p833_0p833_0p167_0p167"],"t":6,"s":[224],"e":[226.765]},{"i":{"x":[0.833],"y":[0.833]},"o":{"x":[0.167],"y":[0.167]},"n":["0p833_0p833_0p167_0p167"],"t":6.2,"s":[226.765],"e":[224.296]},{"i":{"x":[0.833],"y":[0.833]},"o":{"x":[0.167],"y":[0.167]},"n":["0p833_0p833_0p167_0p167"],"t":6.6,"s":[224.296],"e":[223.062]},{"i":{"x":[0.833],"y":[0.833]},"o":{"x":[0.167],"y":[0.167]},"n":["0p833_0p833_0p167_0p167"],"t":6.8,"s":[223.062],"e":[220.827]},{"i":{"x":[0.833],"y":[0.833]},"o":{"x":[0.167],"y":[0.167]},"n":["0p833_0p833_0p167_0p167"],"t":7,"s":[220.827],"e":[215.501]},{"i":{"x":[0.833],"y":[0.833]},"o":{"x":[0.167],"y":[0.167]},"n":["0p833_0p833_0p167_0p167"],"t":7.4,"s":[215.501],"e":[212.512]},{"i":{"x":[0.833],"y":[0.833]},"o":{"x":[0.167],"y":[0.167]},"n":["0p833_0p833_0p167_0p167"],"t":8,"s":[212.512],"e":[211.952]},{"i":{"x":[0.833],"y":[0.833]},"o":{"x":[0.167],"y":[0.167]},"n":["0p833_0p833_0p167_0p167"],"t":8.8,"s":[211.952],"e":[213.25]},{"i":{"x":[0.833],"y":[0.833]},"o":{"x":[0.167],"y":[0.167]},"n":["0p833_0p833_0p167_0p167"],"t":9,"s":[213.25],"e":[217.296]},{"i":{"x":[0.833],"y":[0.833]},"o":{"x":[0.167],"y":[0.167]},"n":["0p833_0p833_0p167_0p167"],"t":9.6,"s":[217.296],"e":[220.827]},{"i":{"x":[0.833],"y":[0.833]},"o":{"x":[0.167],"y":[0.167]},"n":["0p833_0p833_0p167_0p167"],"t":10,"s":[220.827],"e":[225.596]},{"i":{"x":[0.833],"y":[0.833]},"o":{"x":[0.167],"y":[0.167]},"n":["0p833_0p833_0p167_0p167"],"t":10.4,"s":[225.596],"e":[227.25]},{"t":11}],"ix":3},"y":{"a":0,"k":230.25,"ix":4}},"a":{"a":0,"k":[-7.286,-4.499,0],"ix":1},"s":{"a":1,"k":[{"i":{"x":[0.833,0.833,0.833],"y":[0.833,0.833,0.833]},"o":{"x":[0.167,0.167,0.167],"y":[0.167,0.167,0.167]},"n":["0p833_0p833_0p167_0p167","0p833_0p833_0p167_0p167","0p833_0p833_0p167_0p167"],"t":6,"s":[0,30,100],"e":[65,30,100]},{"i":{"x":[0.833,0.833,0.833],"y":[0.833,0.833,0.833]},"o":{"x":[0.167,0.167,0.167],"y":[0.167,0.167,0.167]},"n":["0p833_0p833_0p167_0p167","0p833_0p833_0p167_0p167","0p833_0p833_0p167_0p167"],"t":6.6,"s":[65,30,100],"e":[83.5,30,100]},{"i":{"x":[0.833,0.833,0.833],"y":[0.833,0.833,0.833]},"o":{"x":[0.167,0.167,0.167],"y":[0.167,0.167,0.167]},"n":["0p833_0p833_0p167_0p167","0p833_0p833_0p167_0p167","0p833_0p833_0p167_0p167"],"t":6.8,"s":[83.5,30,100],"e":[103,30,100]},{"i":{"x":[0.833,0.833,0.833],"y":[0.833,0.833,0.833]},"o":{"x":[0.167,0.167,0.167],"y":[0.167,0.167,0.167]},"n":["0p833_0p833_0p167_0p167","0p833_0p833_0p167_0p167","0p833_0p833_0p167_0p167"],"t":7,"s":[103,30,100],"e":[143.2,30,100]},{"i":{"x":[0.833,0.833,0.833],"y":[0.833,0.833,0.833]},"o":{"x":[0.167,0.167,0.167],"y":[0.167,0.167,0.167]},"n":["0p833_0p833_0p167_0p167","0p833_0p833_0p167_0p167","0p833_0p833_0p167_0p167"],"t":7.4,"s":[143.2,30,100],"e":[176,30,100]},{"i":{"x":[0.833,0.833,0.833],"y":[0.833,0.833,0.833]},"o":{"x":[0.167,0.167,0.167],"y":[0.167,0.167,0.167]},"n":["0p833_0p833_0p167_0p167","0p833_0p833_0p167_0p167","0p833_0p833_0p167_0p167"],"t":8,"s":[176,30,100],"e":[163,30,100]},{"i":{"x":[0.833,0.833,0.833],"y":[0.833,0.833,0.833]},"o":{"x":[0.167,0.167,0.167],"y":[0.167,0.167,0.167]},"n":["0p833_0p833_0p167_0p167","0p833_0p833_0p167_0p167","0p833_0p833_0p167_0p167"],"t":9,"s":[163,30,100],"e":[111,30,100]},{"i":{"x":[0.833,0.833,0.833],"y":[0.833,0.833,0.833]},"o":{"x":[0.167,0.167,0.167],"y":[0.167,0.167,0.167]},"n":["0p833_0p833_0p167_0p167","0p833_0p833_0p167_0p167","0p833_0p833_0p167_0p167"],"t":10,"s":[111,30,100],"e":[61.8,30,100]},{"i":{"x":[0.833,0.833,0.833],"y":[0.833,0.833,0.833]},"o":{"x":[0.167,0.167,0.167],"y":[0.167,0.167,0.167]},"n":["0p833_0p833_0p167_0p167","0p833_0p833_0p167_0p167","0p833_0p833_0p167_0p167"],"t":10.4,"s":[61.8,30,100],"e":[0,30,100]},{"t":11}],"ix":6}},"ao":0,"shapes":[{"ty":"gr","it":[{"ty":"rc","d":1,"s":{"a":0,"k":[12,99.002],"ix":2},"p":{"a":0,"k":[0,0],"ix":3},"r":{"a":0,"k":0,"ix":4},"nm":"Rectangle Path 1","mn":"ADBE Vector Shape - Rect","hd":false},{"ty":"st","c":{"a":0,"k":[0.099248998305,0.042310000401,0.256403006759,1],"ix":3},"o":{"a":0,"k":100,"ix":4},"w":{"a":0,"k":0,"ix":5},"lc":1,"lj":1,"ml":4,"nm":"Stroke 1","mn":"ADBE Vector Graphic - Stroke","hd":false},{"ty":"fl","c":{"a":0,"k":[0.964705882353,0.623529411765,0,1],"ix":4},"o":{"a":0,"k":100,"ix":5},"r":1,"nm":"Fill 1","mn":"ADBE Vector Graphic - Fill","hd":false},{"ty":"tr","p":{"a":0,"k":[-7.286,-4.499],"ix":2},"a":{"a":0,"k":[0,0],"ix":1},"s":{"a":0,"k":[100,100],"ix":3},"r":{"a":0,"k":0,"ix":6},"o":{"a":0,"k":100,"ix":7},"sk":{"a":0,"k":0,"ix":4},"sa":{"a":0,"k":0,"ix":5},"nm":"Transform"}],"nm":"Rectangle 1","np":3,"cix":2,"ix":1,"mn":"ADBE Vector Group","hd":false}],"ip":0,"op":36,"st":0,"bm":0},{"ddd":0,"ind":8,"ty":4,"nm":"star_side 2","sr":1,"ks":{"o":{"a":0,"k":100,"ix":11},"r":{"a":0,"k":0,"ix":10},"p":{"s":true,"x":{"a":1,"k":[{"i":{"x":[0.833],"y":[0.833]},"o":{"x":[0.167],"y":[0.167]},"n":["0p833_0p833_0p167_0p167"],"t":6,"s":[171.25],"e":[171.296]},{"i":{"x":[0.833],"y":[0.833]},"o":{"x":[0.167],"y":[0.167]},"n":["0p833_0p833_0p167_0p167"],"t":6.2,"s":[171.296],"e":[175.387]},{"i":{"x":[0.833],"y":[0.833]},"o":{"x":[0.167],"y":[0.167]},"n":["0p833_0p833_0p167_0p167"],"t":6.6,"s":[175.387],"e":[177.432]},{"i":{"x":[0.833],"y":[0.833]},"o":{"x":[0.167],"y":[0.167]},"n":["0p833_0p833_0p167_0p167"],"t":6.8,"s":[177.432],"e":[179.477]},{"i":{"x":[0.833],"y":[0.833]},"o":{"x":[0.167],"y":[0.167]},"n":["0p833_0p833_0p167_0p167"],"t":7,"s":[179.477],"e":[183.867]},{"i":{"x":[0.833],"y":[0.833]},"o":{"x":[0.167],"y":[0.167]},"n":["0p833_0p833_0p167_0p167"],"t":7.4,"s":[183.867],"e":[187.95]},{"i":{"x":[0.833],"y":[0.833]},"o":{"x":[0.167],"y":[0.167]},"n":["0p833_0p833_0p167_0p167"],"t":8,"s":[187.95],"e":[187.89]},{"i":{"x":[0.833],"y":[0.833]},"o":{"x":[0.167],"y":[0.167]},"n":["0p833_0p833_0p167_0p167"],"t":8.8,"s":[187.89],"e":[187]},{"i":{"x":[0.833],"y":[0.833]},"o":{"x":[0.167],"y":[0.167]},"n":["0p833_0p833_0p167_0p167"],"t":9,"s":[187],"e":[182.837]},{"i":{"x":[0.833],"y":[0.833]},"o":{"x":[0.167],"y":[0.167]},"n":["0p833_0p833_0p167_0p167"],"t":9.6,"s":[182.837],"e":[179.727]},{"i":{"x":[0.833],"y":[0.833]},"o":{"x":[0.167],"y":[0.167]},"n":["0p833_0p833_0p167_0p167"],"t":10,"s":[179.727],"e":[175.436]},{"i":{"x":[0.833],"y":[0.833]},"o":{"x":[0.167],"y":[0.167]},"n":["0p833_0p833_0p167_0p167"],"t":10.4,"s":[175.436],"e":[170]},{"t":11}],"ix":3},"y":{"a":0,"k":230,"ix":4}},"a":{"a":0,"k":[-7.286,-4.499,0],"ix":1},"s":{"a":1,"k":[{"i":{"x":[0.833,0.833,0.833],"y":[0.833,0.833,0.833]},"o":{"x":[0.167,0.167,0.167],"y":[0.167,0.167,0.167]},"n":["0p833_0p833_0p167_0p167","0p833_0p833_0p167_0p167","0p833_0p833_0p167_0p167"],"t":6,"s":[0,30,100],"e":[65.299,30,100]},{"i":{"x":[0.833,0.833,0.833],"y":[0.833,0.833,0.833]},"o":{"x":[0.167,0.167,0.167],"y":[0.167,0.167,0.167]},"n":["0p833_0p833_0p167_0p167","0p833_0p833_0p167_0p167","0p833_0p833_0p167_0p167"],"t":6.6,"s":[65.299,30,100],"e":[80.066,30,100]},{"i":{"x":[0.833,0.833,0.833],"y":[0.833,0.833,0.833]},"o":{"x":[0.167,0.167,0.167],"y":[0.167,0.167,0.167]},"n":["0p833_0p833_0p167_0p167","0p833_0p833_0p167_0p167","0p833_0p833_0p167_0p167"],"t":6.8,"s":[80.066,30,100],"e":[106.832,30,100]},{"i":{"x":[0.833,0.833,0.833],"y":[0.833,0.833,0.833]},"o":{"x":[0.167,0.167,0.167],"y":[0.167,0.167,0.167]},"n":["0p833_0p833_0p167_0p167","0p833_0p833_0p167_0p167","0p833_0p833_0p167_0p167"],"t":7,"s":[106.832,30,100],"e":[147.666,30,100]},{"i":{"x":[0.833,0.833,0.833],"y":[0.833,0.833,0.833]},"o":{"x":[0.167,0.167,0.167],"y":[0.167,0.167,0.167]},"n":["0p833_0p833_0p167_0p167","0p833_0p833_0p167_0p167","0p833_0p833_0p167_0p167"],"t":7.4,"s":[147.666,30,100],"e":[176.416,30,100]},{"i":{"x":[0.833,0.833,0.833],"y":[0.833,0.833,0.833]},"o":{"x":[0.167,0.167,0.167],"y":[0.167,0.167,0.167]},"n":["0p833_0p833_0p167_0p167","0p833_0p833_0p167_0p167","0p833_0p833_0p167_0p167"],"t":8,"s":[176.416,30,100],"e":[158,30,100]},{"i":{"x":[0.833,0.833,0.833],"y":[0.833,0.833,0.833]},"o":{"x":[0.167,0.167,0.167],"y":[0.167,0.167,0.167]},"n":["0p833_0p833_0p167_0p167","0p833_0p833_0p167_0p167","0p833_0p833_0p167_0p167"],"t":9,"s":[158,30,100],"e":[109.832,30,100]},{"i":{"x":[0.833,0.833,0.833],"y":[0.833,0.833,0.833]},"o":{"x":[0.167,0.167,0.167],"y":[0.167,0.167,0.167]},"n":["0p833_0p833_0p167_0p167","0p833_0p833_0p167_0p167","0p833_0p833_0p167_0p167"],"t":10,"s":[109.832,30,100],"e":[66.299,30,100]},{"i":{"x":[0.833,0.833,0.833],"y":[0.833,0.833,0.833]},"o":{"x":[0.167,0.167,0.167],"y":[0.167,0.167,0.167]},"n":["0p833_0p833_0p167_0p167","0p833_0p833_0p167_0p167","0p833_0p833_0p167_0p167"],"t":10.4,"s":[66.299,30,100],"e":[0,30,100]},{"t":11}],"ix":6}},"ao":0,"shapes":[{"ty":"gr","it":[{"ty":"rc","d":1,"s":{"a":0,"k":[12,99.002],"ix":2},"p":{"a":0,"k":[0,0],"ix":3},"r":{"a":0,"k":0,"ix":4},"nm":"Rectangle Path 1","mn":"ADBE Vector Shape - Rect","hd":false},{"ty":"st","c":{"a":0,"k":[0.099248998305,0.042310000401,0.256403006759,1],"ix":3},"o":{"a":0,"k":100,"ix":4},"w":{"a":0,"k":0,"ix":5},"lc":1,"lj":1,"ml":4,"nm":"Stroke 1","mn":"ADBE Vector Graphic - Stroke","hd":false},{"ty":"fl","c":{"a":0,"k":[0.964705882353,0.623529411765,0,1],"ix":4},"o":{"a":0,"k":100,"ix":5},"r":1,"nm":"Fill 1","mn":"ADBE Vector Graphic - Fill","hd":false},{"ty":"tr","p":{"a":0,"k":[-7.286,-4.499],"ix":2},"a":{"a":0,"k":[0,0],"ix":1},"s":{"a":0,"k":[100,100],"ix":3},"r":{"a":0,"k":0,"ix":6},"o":{"a":0,"k":100,"ix":7},"sk":{"a":0,"k":0,"ix":4},"sa":{"a":0,"k":0,"ix":5},"nm":"Transform"}],"nm":"Rectangle 1","np":3,"cix":2,"ix":1,"mn":"ADBE Vector Group","hd":false}],"ip":0,"op":36,"st":0,"bm":0},{"ddd":0,"ind":9,"ty":4,"nm":"star_side","sr":1,"ks":{"o":{"a":0,"k":100,"ix":11},"r":{"a":0,"k":0,"ix":10},"p":{"a":0,"k":[200,146.031,0],"ix":2},"a":{"a":0,"k":[-7.286,-53.969,0],"ix":1},"s":{"a":1,"k":[{"i":{"x":[0.833,0.833,0.833],"y":[0.833,0.833,0.833]},"o":{"x":[0.167,0.167,0.167],"y":[0.167,0.167,0.167]},"n":["0p833_0p833_0p167_0p167","0p833_0p833_0p167_0p167","0p833_0p833_0p167_0p167"],"t":6,"s":[0,60,100],"e":[109.656,90,100]},{"i":{"x":[0.833,0.833,0.833],"y":[0.833,0.833,0.833]},"o":{"x":[0.167,0.167,0.167],"y":[0.167,0.167,0.167]},"n":["0p833_0p833_0p167_0p167","0p833_0p833_0p167_0p167","0p833_0p833_0p167_0p167"],"t":7,"s":[109.656,90,100],"e":[149.733,90.333,100]},{"i":{"x":[0.833,0.833,0.833],"y":[0.833,0.833,0.833]},"o":{"x":[0.167,0.167,0.167],"y":[0.167,0.167,0.167]},"n":["0p833_0p833_0p167_0p167","0p833_0p833_0p167_0p167","0p833_0p833_0p167_0p167"],"t":7.2,"s":[149.733,90.333,100],"e":[229.886,100,100]},{"i":{"x":[0.833,0.833,0.833],"y":[0.833,0.833,0.833]},"o":{"x":[0.167,0.167,0.167],"y":[0.167,0.167,0.167]},"n":["0p833_0p833_0p167_0p167","0p833_0p833_0p167_0p167","0p833_0p833_0p167_0p167"],"t":7.6,"s":[229.886,100,100],"e":[328.804,100,100]},{"i":{"x":[0.833,0.833,0.833],"y":[0.833,0.833,0.833]},"o":{"x":[0.167,0.167,0.167],"y":[0.167,0.167,0.167]},"n":["0p833_0p833_0p167_0p167","0p833_0p833_0p167_0p167","0p833_0p833_0p167_0p167"],"t":8.2,"s":[328.804,100,100],"e":[333.558,100,100]},{"i":{"x":[0.833,0.833,0.833],"y":[0.833,0.833,0.833]},"o":{"x":[0.167,0.167,0.167],"y":[0.167,0.167,0.167]},"n":["0p833_0p833_0p167_0p167","0p833_0p833_0p167_0p167","0p833_0p833_0p167_0p167"],"t":8.8,"s":[333.558,100,100],"e":[265.747,100,100]},{"i":{"x":[0.833,0.833,0.833],"y":[0.833,0.833,0.833]},"o":{"x":[0.167,0.167,0.167],"y":[0.167,0.167,0.167]},"n":["0p833_0p833_0p167_0p167","0p833_0p833_0p167_0p167","0p833_0p833_0p167_0p167"],"t":9,"s":[265.747,100,100],"e":[194.312,100,100]},{"i":{"x":[0.833,0.833,0.833],"y":[0.833,0.833,0.833]},"o":{"x":[0.167,0.167,0.167],"y":[0.167,0.167,0.167]},"n":["0p833_0p833_0p167_0p167","0p833_0p833_0p167_0p167","0p833_0p833_0p167_0p167"],"t":9.6,"s":[194.312,100,100],"e":[153.984,91,100]},{"i":{"x":[0.833,0.833,0.833],"y":[0.833,0.833,0.833]},"o":{"x":[0.167,0.167,0.167],"y":[0.167,0.167,0.167]},"n":["0p833_0p833_0p167_0p167","0p833_0p833_0p167_0p167","0p833_0p833_0p167_0p167"],"t":9.8,"s":[153.984,91,100],"e":[113.656,90,100]},{"i":{"x":[0.833,0.833,0.833],"y":[0.833,0.833,0.833]},"o":{"x":[0.167,0.167,0.167],"y":[0.167,0.167,0.167]},"n":["0p833_0p833_0p167_0p167","0p833_0p833_0p167_0p167","0p833_0p833_0p167_0p167"],"t":10,"s":[113.656,90,100],"e":[0,60,100]},{"t":11}],"ix":6}},"ao":0,"shapes":[{"ty":"gr","it":[{"ty":"rc","d":1,"s":{"a":0,"k":[12,99.002],"ix":2},"p":{"a":0,"k":[0,0],"ix":3},"r":{"a":0,"k":0,"ix":4},"nm":"Rectangle Path 1","mn":"ADBE Vector Shape - Rect","hd":false},{"ty":"st","c":{"a":0,"k":[0.099248998305,0.042310000401,0.256403006759,1],"ix":3},"o":{"a":0,"k":100,"ix":4},"w":{"a":0,"k":0,"ix":5},"lc":1,"lj":1,"ml":4,"nm":"Stroke 1","mn":"ADBE Vector Graphic - Stroke","hd":false},{"ty":"fl","c":{"a":0,"k":[0.964705882353,0.623529411765,0,1],"ix":4},"o":{"a":0,"k":100,"ix":5},"r":1,"nm":"Fill 1","mn":"ADBE Vector Graphic - Fill","hd":false},{"ty":"tr","p":{"a":0,"k":[-7.286,-4.499],"ix":2},"a":{"a":0,"k":[0,0],"ix":1},"s":{"a":0,"k":[100,100],"ix":3},"r":{"a":0,"k":0,"ix":6},"o":{"a":0,"k":100,"ix":7},"sk":{"a":0,"k":0,"ix":4},"sa":{"a":0,"k":0,"ix":5},"nm":"Transform"}],"nm":"Rectangle 1","np":3,"cix":2,"ix":1,"mn":"ADBE Vector Group","hd":false}],"ip":0,"op":36,"st":0,"bm":0}]}],"layers":[{"ddd":0,"ind":1,"ty":4,"nm":"sparkle 4","sr":1,"ks":{"o":{"a":1,"k":[{"i":{"x":[0.833],"y":[0.833]},"o":{"x":[0.167],"y":[0.167]},"n":["0p833_0p833_0p167_0p167"],"t":10,"s":[100],"e":[0]},{"t":13}],"ix":11},"r":{"a":0,"k":0,"ix":10},"p":{"a":0,"k":[169.378,165.244,0],"ix":2},"a":{"a":0,"k":[35.5,28.5,0],"ix":1},"s":{"a":1,"k":[{"i":{"x":[0.667,0.667,0.667],"y":[1,1,1]},"o":{"x":[0.778,0.778,0.333],"y":[0,0,0]},"n":["0p667_1_0p778_0","0p667_1_0p778_0","0p667_1_0p333_0"],"t":8,"s":[0,0,100],"e":[80,80,100]},{"t":13}],"ix":6}},"ao":0,"shapes":[{"ty":"gr","it":[{"ind":0,"ty":"sh","ix":1,"ks":{"a":0,"k":{"i":[[1.519,-5.107],[10.475,10.309],[4.348,0.814],[-9.99,10.138],[-1.141,4.733],[-9.663,-9.806],[-4.721,-1.139],[9.479,-9.353]],"o":[[-0.807,-4.309],[-10.134,-9.974],[4.721,-1.139],[9.663,-9.806],[1.141,4.733],[9.99,10.138],[-5.092,1.515],[-9.8,9.67]],"v":[[35.5,68.5],[21.415,42.021],[-4.5,28.5],[21.415,13.852],[35.5,-11.5],[49.585,13.852],[75.5,28.5],[50.711,43.148]],"c":true},"ix":2},"nm":"Path 1","mn":"ADBE Vector Shape - Group","hd":false},{"ty":"st","c":{"a":0,"k":[1,1,1,1],"ix":3},"o":{"a":0,"k":100,"ix":4},"w":{"a":1,"k":[{"i":{"x":[0.833],"y":[0.833]},"o":{"x":[0.167],"y":[0.167]},"n":["0p833_0p833_0p167_0p167"],"t":8,"s":[5],"e":[9]},{"i":{"x":[0.833],"y":[0.833]},"o":{"x":[0.167],"y":[0.167]},"n":["0p833_0p833_0p167_0p167"],"t":11,"s":[9],"e":[0]},{"t":13}],"ix":5},"lc":2,"lj":2,"nm":"Stroke 1","mn":"ADBE Vector Graphic - Stroke","hd":false},{"ty":"fl","c":{"a":0,"k":[1,1,1,1],"ix":4},"o":{"a":0,"k":100,"ix":5},"r":1,"nm":"Fill 1","mn":"ADBE Vector Graphic - Fill","hd":false},{"ty":"tr","p":{"a":0,"k":[0,0],"ix":2},"a":{"a":0,"k":[0,0],"ix":1},"s":{"a":0,"k":[100,100],"ix":3},"r":{"a":0,"k":0,"ix":6},"o":{"a":0,"k":100,"ix":7},"sk":{"a":0,"k":0,"ix":4},"sa":{"a":0,"k":0,"ix":5},"nm":"Transform"}],"nm":"null","np":3,"cix":2,"ix":1,"mn":"ADBE Vector Group","hd":false}],"ip":5,"op":14,"st":-12,"bm":0},{"ddd":0,"ind":2,"ty":4,"nm":"sparkle 3","sr":1,"ks":{"o":{"a":1,"k":[{"i":{"x":[0.833],"y":[0.833]},"o":{"x":[0.167],"y":[0.167]},"n":["0p833_0p833_0p167_0p167"],"t":9,"s":[100],"e":[0]},{"t":12}],"ix":11},"r":{"a":0,"k":0,"ix":10},"p":{"a":0,"k":[235.5,228.5,0],"ix":2},"a":{"a":0,"k":[35.5,28.5,0],"ix":1},"s":{"a":1,"k":[{"i":{"x":[0.667,0.667,0.667],"y":[1,1,1]},"o":{"x":[0.778,0.778,0.333],"y":[0,0,0]},"n":["0p667_1_0p778_0","0p667_1_0p778_0","0p667_1_0p333_0"],"t":6,"s":[0,0,100],"e":[100,100,100]},{"t":11}],"ix":6}},"ao":0,"shapes":[{"ty":"gr","it":[{"ind":0,"ty":"sh","ix":1,"ks":{"a":0,"k":{"i":[[1.519,-5.107],[10.475,10.309],[4.348,0.814],[-9.99,10.138],[-1.141,4.733],[-9.663,-9.806],[-4.721,-1.139],[9.479,-9.353]],"o":[[-0.807,-4.309],[-10.134,-9.974],[4.721,-1.139],[9.663,-9.806],[1.141,4.733],[9.99,10.138],[-5.092,1.515],[-9.8,9.67]],"v":[[35.5,68.5],[21.415,42.021],[-4.5,28.5],[21.415,13.852],[35.5,-11.5],[49.585,13.852],[75.5,28.5],[50.711,43.148]],"c":true},"ix":2},"nm":"Path 1","mn":"ADBE Vector Shape - Group","hd":false},{"ty":"fl","c":{"a":0,"k":[1,1,1,1],"ix":4},"o":{"a":0,"k":100,"ix":5},"r":1,"nm":"Fill 1","mn":"ADBE Vector Graphic - Fill","hd":false},{"ty":"st","c":{"a":0,"k":[1,1,1,1],"ix":3},"o":{"a":0,"k":100,"ix":4},"w":{"a":1,"k":[{"i":{"x":[0.833],"y":[0.833]},"o":{"x":[0.167],"y":[0.167]},"n":["0p833_0p833_0p167_0p167"],"t":6,"s":[5],"e":[9]},{"i":{"x":[0.833],"y":[0.833]},"o":{"x":[0.167],"y":[0.167]},"n":["0p833_0p833_0p167_0p167"],"t":9,"s":[9],"e":[0]},{"t":11}],"ix":5},"lc":2,"lj":2,"nm":"Stroke 1","mn":"ADBE Vector Graphic - Stroke","hd":false},{"ty":"tr","p":{"a":0,"k":[0,0],"ix":2},"a":{"a":0,"k":[0,0],"ix":1},"s":{"a":0,"k":[100,100],"ix":3},"r":{"a":0,"k":0,"ix":6},"o":{"a":0,"k":100,"ix":7},"sk":{"a":0,"k":0,"ix":4},"sa":{"a":0,"k":0,"ix":5},"nm":"Transform"}],"nm":"null","np":3,"cix":2,"ix":1,"mn":"ADBE Vector Group","hd":false}],"ip":5,"op":14,"st":-12,"bm":0},{"ddd":0,"ind":3,"ty":0,"nm":"star_flip_4_final","refId":"comp_54","sr":1,"ks":{"o":{"a":0,"k":100,"ix":11},"r":{"a":0,"k":0,"ix":10},"p":{"a":0,"k":[200,200,0],"ix":2},"a":{"a":0,"k":[200,200,0],"ix":1},"s":{"a":1,"k":[{"i":{"x":[0.392,0.392,0.667],"y":[2.481,2.481,1]},"o":{"x":[0.597,0.597,0.333],"y":[0,0,0]},"n":["0p392_2p481_0p597_0","0p392_2p481_0p597_0","0p667_1_0p333_0"],"t":1,"s":[100,100,100],"e":[95,95,100]},{"i":{"x":[0.833,0.833,0.833],"y":[1,1,1]},"o":{"x":[0.179,0.179,0.333],"y":[0.095,0.095,0]},"n":["0p833_1_0p179_0p095","0p833_1_0p179_0p095","0p833_1_0p333_0"],"t":4,"s":[95,95,100],"e":[118,118,100]},{"i":{"x":[0.825,0.825,0.825],"y":[1,1,1]},"o":{"x":[0.161,0.161,0.161],"y":[0,0,0]},"n":["0p825_1_0p161_0","0p825_1_0p161_0","0p825_1_0p161_0"],"t":7,"s":[118,118,100],"e":[125,125,100]},{"i":{"x":[0.833,0.833,0.833],"y":[1,1,1]},"o":{"x":[0.167,0.167,0.167],"y":[0,0,0]},"n":["0p833_1_0p167_0","0p833_1_0p167_0","0p833_1_0p167_0"],"t":11,"s":[125,125,100],"e":[85,85,100]},{"i":{"x":[0.833,0.833,0.833],"y":[1,1,1]},"o":{"x":[0.167,0.167,0.167],"y":[0,0,0]},"n":["0p833_1_0p167_0","0p833_1_0p167_0","0p833_1_0p167_0"],"t":14,"s":[85,85,100],"e":[105,105,100]},{"i":{"x":[0.833,0.833,0.833],"y":[1,1,1]},"o":{"x":[0.167,0.167,0.167],"y":[0,0,0]},"n":["0p833_1_0p167_0","0p833_1_0p167_0","0p833_1_0p167_0"],"t":17,"s":[105,105,100],"e":[100,100,100]},{"t":20}],"ix":6}},"ao":0,"w":400,"h":400,"ip":0,"op":36,"st":0,"bm":0},{"ddd":0,"ind":4,"ty":4,"nm":"icon_circle","sr":1,"ks":{"o":{"a":0,"k":100,"ix":11},"r":{"a":0,"k":0,"ix":10},"p":{"a":0,"k":[200.826,199.69,0],"ix":2},"a":{"a":0,"k":[0.826,-0.31,0],"ix":1},"s":{"a":0,"k":[100,100,100],"ix":6}},"ao":0,"shapes":[{"ty":"gr","it":[{"ty":"gr","it":[{"ty":"gr","it":[{"ty":"gr","it":[{"ty":"gr","it":[{"ind":0,"ty":"sh","ix":1,"ks":{"a":0,"k":{"i":[[0,-46.01],[45.9,-0.14],[0,0],[0.99,0.04],[0,45.01],[-46.01,0]],"o":[[0,45.93],[0,0],[-1,0],[-44.63,-1.57],[0,-46.01],[46.01,0]],"v":[[84.136,-0.31],[1.076,83],[0.826,83],[-2.164,82.94],[-82.484,-0.31],[0.826,-83.62]],"c":true},"ix":2},"nm":"Path 1","mn":"ADBE Vector Shape - Group","hd":false},{"ty":"fl","c":{"a":0,"k":[1,0.956862747669,0.670588254929,1],"ix":4},"o":{"a":0,"k":100,"ix":5},"r":1,"nm":"Fill 1","mn":"ADBE Vector Graphic - Fill","hd":false},{"ty":"tr","p":{"a":0,"k":[0,0],"ix":2},"a":{"a":0,"k":[0,0],"ix":1},"s":{"a":0,"k":[100,100],"ix":3},"r":{"a":0,"k":0,"ix":6},"o":{"a":0,"k":100,"ix":7},"sk":{"a":0,"k":0,"ix":4},"sa":{"a":0,"k":0,"ix":5},"nm":"Transform"}],"nm":"null","np":2,"cix":2,"ix":1,"mn":"ADBE Vector Group","hd":false},{"ty":"tr","p":{"a":0,"k":[0,0],"ix":2},"a":{"a":0,"k":[0,0],"ix":1},"s":{"a":0,"k":[100,100],"ix":3},"r":{"a":0,"k":0,"ix":6},"o":{"a":0,"k":100,"ix":7},"sk":{"a":0,"k":0,"ix":4},"sa":{"a":0,"k":0,"ix":5},"nm":"Transform"}],"nm":"null","np":1,"cix":2,"ix":1,"mn":"ADBE Vector Group","hd":false},{"ty":"tr","p":{"a":0,"k":[0,0],"ix":2},"a":{"a":0,"k":[0,0],"ix":1},"s":{"a":0,"k":[100,100],"ix":3},"r":{"a":0,"k":0,"ix":6},"o":{"a":0,"k":100,"ix":7},"sk":{"a":0,"k":0,"ix":4},"sa":{"a":0,"k":0,"ix":5},"nm":"Transform"}],"nm":"null","np":1,"cix":2,"ix":1,"mn":"ADBE Vector Group","hd":false},{"ty":"tr","p":{"a":0,"k":[0,0],"ix":2},"a":{"a":0,"k":[0,0],"ix":1},"s":{"a":0,"k":[100,100],"ix":3},"r":{"a":0,"k":0,"ix":6},"o":{"a":0,"k":100,"ix":7},"sk":{"a":0,"k":0,"ix":4},"sa":{"a":0,"k":0,"ix":5},"nm":"Transform"}],"nm":"null","np":1,"cix":2,"ix":1,"mn":"ADBE Vector Group","hd":false},{"ty":"tr","p":{"a":0,"k":[0,0],"ix":2},"a":{"a":0,"k":[0,0],"ix":1},"s":{"a":0,"k":[100,100],"ix":3},"r":{"a":0,"k":0,"ix":6},"o":{"a":0,"k":100,"ix":7},"sk":{"a":0,"k":0,"ix":4},"sa":{"a":0,"k":0,"ix":5},"nm":"Transform"}],"nm":"null","np":1,"cix":2,"ix":1,"mn":"ADBE Vector Group","hd":false}],"ip":0,"op":36,"st":0,"bm":0}],"markers":[]}