{"v":"5.7.7","fr":30,"ip":0,"op":120,"w":1000,"h":1000,"nm":"_Main Comp","ddd":0,"assets":[{"id":"comp_0","layers":[{"ddd":0,"ind":1,"ty":4,"nm":"mouth open","parent":2,"sr":1,"ks":{"o":{"a":1,"k":[{"t":19,"s":[0],"h":1},{"t":20,"s":[100],"h":1},{"t":80,"s":[100],"h":1},{"t":81,"s":[0],"h":1}],"ix":11},"r":{"a":0,"k":0,"ix":10},"p":{"a":1,"k":[{"i":{"x":0.833,"y":0.833},"o":{"x":0.167,"y":0.167},"t":20,"s":[63.567,38.238,0],"to":[0,0,0],"ti":[0,0,0]},{"i":{"x":0.833,"y":0.833},"o":{"x":0.167,"y":0.167},"t":21,"s":[63.567,38.338,0],"to":[0,0,0],"ti":[0,0,0]},{"i":{"x":0.833,"y":0.833},"o":{"x":0.167,"y":0.167},"t":79,"s":[63.567,38.338,0],"to":[0,0,0],"ti":[0,0,0]},{"t":80,"s":[63.567,38.238,0]}],"ix":2,"l":2},"a":{"a":0,"k":[77.734,42.62,0],"ix":1,"l":2},"s":{"a":0,"k":[100,100,100],"ix":6,"l":2}},"ao":0,"shapes":[{"ty":"gr","it":[{"ind":0,"ty":"sh","ix":1,"ks":{"a":1,"k":[{"i":{"x":0.667,"y":1},"o":{"x":0.167,"y":0.167},"t":20,"s":[{"i":[[6.99,0],[2.123,-3.666],[-6.13,0],[-2.63,3.046]],"o":[[-6.99,0],[2.072,2.765],[6.13,0],[-2.123,-3.666]],"v":[[0.007,-19.312],[-15.009,-14.72],[0.03,-9.813],[15.068,-14.689]],"c":true}]},{"i":{"x":0.667,"y":1},"o":{"x":0.167,"y":0},"t":23,"s":[{"i":[[6.99,0],[2.123,-3.666],[-6.13,0],[-3.464,4.514]],"o":[[-6.99,0],[3.463,4.514],[6.13,0],[-2.123,-3.666]],"v":[[0,-6.874],[-15.027,-0.564],[0,6.874],[15.027,-0.564]],"c":true}]},{"i":{"x":0.833,"y":0.833},"o":{"x":0.333,"y":0},"t":77,"s":[{"i":[[6.99,0],[2.123,-3.666],[-6.13,0],[-3.464,4.514]],"o":[[-6.99,0],[3.463,4.514],[6.13,0],[-2.123,-3.666]],"v":[[0,-6.874],[-15.027,-0.564],[0,6.874],[15.027,-0.564]],"c":true}]},{"t":80,"s":[{"i":[[6.99,0],[2.123,-3.666],[-6.13,0],[-2.63,3.046]],"o":[[-6.99,0],[2.072,2.765],[6.13,0],[-2.123,-3.666]],"v":[[0.007,-19.312],[-15.009,-14.72],[0.03,-9.813],[15.068,-14.689]],"c":true}]}],"ix":2},"nm":"Path 1","mn":"ADBE Vector Shape - Group","hd":false},{"ty":"fl","c":{"a":0,"k":[0.9294117647058824,0.14901960784313725,0.30980392156862746,1],"ix":4},"o":{"a":0,"k":100,"ix":5},"r":1,"bm":0,"nm":"Fill 1","mn":"ADBE Vector Graphic - Fill","hd":false},{"ty":"tr","p":{"a":0,"k":[77.734,78.117],"ix":2},"a":{"a":0,"k":[0,0],"ix":1},"s":{"a":0,"k":[100,100],"ix":3},"r":{"a":0,"k":0,"ix":6},"o":{"a":0,"k":100,"ix":7},"sk":{"a":0,"k":0,"ix":4},"sa":{"a":0,"k":0,"ix":5},"nm":"Transform"}],"nm":"Group 3","np":2,"cix":2,"bm":0,"ix":1,"mn":"ADBE Vector Group","hd":false},{"ty":"gr","it":[{"ind":0,"ty":"sh","ix":1,"ks":{"a":1,"k":[{"i":{"x":0.667,"y":1},"o":{"x":0.167,"y":0.167},"t":20,"s":[{"i":[[10.464,0],[0,0],[0,10.464],[0,0],[0,0],[0,0]],"o":[[0,0],[-10.464,0],[0,0],[0,0],[0,0],[0,10.464]],"v":[[0.031,-0.327],[0.031,-0.327],[-18.939,-15.023],[-18.947,-16.36],[18.947,-16.36],[18.954,-15.023]],"c":true}]},{"i":{"x":0.667,"y":1},"o":{"x":0.167,"y":0},"t":23,"s":[{"i":[[10.464,0],[0,0],[0,10.464],[0,0],[0,0],[0,0]],"o":[[0,0],[-10.464,0],[0,0],[0,0],[0,0],[0,10.464]],"v":[[0.001,16.36],[0.001,16.36],[-18.947,-2.586],[-18.947,-16.36],[18.947,-16.36],[18.947,-2.586]],"c":true}]},{"i":{"x":0.833,"y":0.833},"o":{"x":0.333,"y":0},"t":77,"s":[{"i":[[10.464,0],[0,0],[0,10.464],[0,0],[0,0],[0,0]],"o":[[0,0],[-10.464,0],[0,0],[0,0],[0,0],[0,10.464]],"v":[[0.001,16.36],[0.001,16.36],[-18.947,-2.586],[-18.947,-16.36],[18.947,-16.36],[18.947,-2.586]],"c":true}]},{"t":80,"s":[{"i":[[10.464,0],[0,0],[0,10.464],[0,0],[0,0],[0,0]],"o":[[0,0],[-10.464,0],[0,0],[0,0],[0,0],[0,10.464]],"v":[[0.031,-0.327],[0.031,-0.327],[-18.939,-15.023],[-18.947,-16.36],[18.947,-16.36],[18.954,-15.023]],"c":true}]}],"ix":2},"nm":"Path 1","mn":"ADBE Vector Shape - Group","hd":false},{"ty":"fl","c":{"a":0,"k":[0.1803921568627451,0.0196078431372549,0.3058823529411765,1],"ix":4},"o":{"a":0,"k":100,"ix":5},"r":1,"bm":0,"nm":"Fill 1","mn":"ADBE Vector Graphic - Fill","hd":false},{"ty":"tr","p":{"a":0,"k":[77.733,68.631],"ix":2},"a":{"a":0,"k":[0,0],"ix":1},"s":{"a":0,"k":[100,100],"ix":3},"r":{"a":0,"k":0,"ix":6},"o":{"a":0,"k":100,"ix":7},"sk":{"a":0,"k":0,"ix":4},"sa":{"a":0,"k":0,"ix":5},"nm":"Transform"}],"nm":"Group 4","np":2,"cix":2,"bm":0,"ix":2,"mn":"ADBE Vector Group","hd":false}],"ip":0,"op":900,"st":0,"bm":0},{"ddd":0,"ind":2,"ty":4,"nm":"smile","sr":1,"ks":{"o":{"a":0,"k":100,"ix":11},"r":{"a":0,"k":0,"ix":10},"p":{"a":0,"k":[500,500,0],"ix":2,"l":2},"a":{"a":0,"k":[63.567,28.004,0],"ix":1,"l":2},"s":{"a":0,"k":[400,400,100],"ix":6,"l":2}},"ao":0,"shapes":[{"ty":"gr","it":[{"ind":0,"ty":"sh","ix":1,"ks":{"a":1,"k":[{"i":{"x":0.833,"y":0.833},"o":{"x":0.333,"y":0},"t":17,"s":[{"i":[[0,0],[-8.124,0],[0,0]],"o":[[0,0],[8.124,0],[0,0]],"v":[[-15.553,-2.253],[0,2.253],[15.553,-2.253]],"c":false}]},{"i":{"x":0.833,"y":0.833},"o":{"x":0.167,"y":0.167},"t":19,"s":[{"i":[[0,0],[-8.124,0],[0,0]],"o":[[0,0],[8.124,0],[0,0]],"v":[[-15.57,-1.003],[0.034,-0.247],[15.537,-1.003]],"c":false}]},{"i":{"x":0.667,"y":1},"o":{"x":0.167,"y":0.167},"t":81,"s":[{"i":[[0,0],[-8.124,0],[0,0]],"o":[[0,0],[8.124,0],[0,0]],"v":[[-15.57,-1.003],[0.034,-0.247],[15.537,-1.003]],"c":false}]},{"t":83,"s":[{"i":[[0,0],[-8.124,0],[0,0]],"o":[[0,0],[8.124,0],[0,0]],"v":[[-15.553,-2.253],[0,2.253],[15.553,-2.253]],"c":false}]}],"ix":2},"nm":"Path 1","mn":"ADBE Vector Shape - Group","hd":false},{"ty":"st","c":{"a":0,"k":[0.1803921568627451,0.0196078431372549,0.3058823529411765,1],"ix":3},"o":{"a":0,"k":100,"ix":4},"w":{"a":0,"k":8,"ix":5},"lc":1,"lj":1,"ml":10,"bm":0,"nm":"Stroke 1","mn":"ADBE Vector Graphic - Stroke","hd":false},{"ty":"tr","p":{"a":0,"k":[63.567,53.505],"ix":2},"a":{"a":0,"k":[0,0],"ix":1},"s":{"a":0,"k":[100,100],"ix":3},"r":{"a":0,"k":0,"ix":6},"o":{"a":0,"k":100,"ix":7},"sk":{"a":0,"k":0,"ix":4},"sa":{"a":0,"k":0,"ix":5},"nm":"Transform"}],"nm":"Group 1","np":2,"cix":2,"bm":0,"ix":1,"mn":"ADBE Vector Group","hd":false}],"ip":0,"op":900,"st":0,"bm":0},{"ddd":0,"ind":3,"ty":4,"nm":"eyes closed","parent":2,"sr":1,"ks":{"o":{"a":1,"k":[{"t":22,"s":[0],"h":1},{"t":23,"s":[100],"h":1},{"t":79,"s":[100],"h":1},{"t":80,"s":[0],"h":1}],"ix":11},"r":{"a":0,"k":0,"ix":10},"p":{"a":0,"k":[63.567,38.338,0],"ix":2,"l":2},"a":{"a":0,"k":[77.734,42.62,0],"ix":1,"l":2},"s":{"a":0,"k":[100,100,100],"ix":6,"l":2}},"ao":0,"shapes":[{"ty":"gr","it":[{"ind":0,"ty":"sh","ix":1,"ks":{"a":0,"k":{"i":[[0,0],[8.217,0],[0,0]],"o":[[0,0],[-8.216,0],[0,0]],"v":[[12.913,2.299],[-0.001,-2.299],[-12.913,2.299]],"c":false},"ix":2},"nm":"Path 1","mn":"ADBE Vector Shape - Group","hd":false},{"ty":"st","c":{"a":0,"k":[0.1803921568627451,0.0196078431372549,0.3058823529411765,1],"ix":3},"o":{"a":0,"k":100,"ix":4},"w":{"a":0,"k":8,"ix":5},"lc":2,"lj":1,"ml":10,"bm":0,"nm":"Stroke 1","mn":"ADBE Vector Graphic - Stroke","hd":false},{"ty":"tr","p":{"a":0,"k":[122.555,22.299],"ix":2},"a":{"a":0,"k":[0,0],"ix":1},"s":{"a":0,"k":[100,100],"ix":3},"r":{"a":0,"k":0,"ix":6},"o":{"a":0,"k":100,"ix":7},"sk":{"a":0,"k":0,"ix":4},"sa":{"a":0,"k":0,"ix":5},"nm":"Transform"}],"nm":"Group 1","np":2,"cix":2,"bm":0,"ix":1,"mn":"ADBE Vector Group","hd":false},{"ty":"gr","it":[{"ind":0,"ty":"sh","ix":1,"ks":{"a":0,"k":{"i":[[0,0],[8.216,0],[0,0]],"o":[[0,0],[-8.216,0],[0,0]],"v":[[12.913,2.299],[0,-2.299],[-12.913,2.299]],"c":false},"ix":2},"nm":"Path 1","mn":"ADBE Vector Shape - Group","hd":false},{"ty":"st","c":{"a":0,"k":[0.1803921568627451,0.0196078431372549,0.3058823529411765,1],"ix":3},"o":{"a":0,"k":100,"ix":4},"w":{"a":0,"k":8,"ix":5},"lc":2,"lj":1,"ml":10,"bm":0,"nm":"Stroke 1","mn":"ADBE Vector Graphic - Stroke","hd":false},{"ty":"tr","p":{"a":0,"k":[32.913,22.299],"ix":2},"a":{"a":0,"k":[0,0],"ix":1},"s":{"a":0,"k":[100,100],"ix":3},"r":{"a":0,"k":0,"ix":6},"o":{"a":0,"k":100,"ix":7},"sk":{"a":0,"k":0,"ix":4},"sa":{"a":0,"k":0,"ix":5},"nm":"Transform"}],"nm":"Group 2","np":2,"cix":2,"bm":0,"ix":2,"mn":"ADBE Vector Group","hd":false}],"ip":0,"op":900,"st":0,"bm":0},{"ddd":0,"ind":4,"ty":4,"nm":"cover 02","sr":1,"ks":{"o":{"a":1,"k":[{"t":22,"s":[100],"h":1},{"t":23,"s":[0],"h":1},{"t":79,"s":[0],"h":1},{"t":80,"s":[100],"h":1}],"ix":11},"r":{"a":0,"k":0,"ix":10},"p":{"a":0,"k":[500,500,0],"ix":2,"l":2},"a":{"a":0,"k":[0,0,0],"ix":1,"l":2},"s":{"a":0,"k":[-100,100,100],"ix":6,"l":2}},"ao":0,"shapes":[{"ty":"gr","it":[{"ind":0,"ty":"sh","ix":1,"ks":{"a":1,"k":[{"i":{"x":0.833,"y":0.833},"o":{"x":0.333,"y":0},"t":20,"s":[{"i":[[0,0],[-71,0],[0,0]],"o":[[0,0],[71,0],[0,0]],"v":[[-290,-161],[-180,-161],[-66,-161]],"c":false}]},{"i":{"x":0.833,"y":0.833},"o":{"x":0.167,"y":0.167},"t":22,"s":[{"i":[[0,0],[-71,0],[0,0]],"o":[[0,0],[71,0],[0,0]],"v":[[-290,-77],[-180,-118],[-66,-76]],"c":false}]},{"i":{"x":0.667,"y":1},"o":{"x":0.167,"y":0.167},"t":80,"s":[{"i":[[0,0],[-71,0],[0,0]],"o":[[0,0],[71,0],[0,0]],"v":[[-290,-77],[-180,-118],[-66,-76]],"c":false}]},{"t":82,"s":[{"i":[[0,0],[-71,0],[0,0]],"o":[[0,0],[71,0],[0,0]],"v":[[-290,-161],[-180,-161],[-66,-161]],"c":false}]}],"ix":2},"nm":"Path 1","mn":"ADBE Vector Shape - Group","hd":false},{"ty":"st","c":{"a":0,"k":[1,0.8666666666666667,0.2235294117647059,1],"ix":3},"o":{"a":0,"k":100,"ix":4},"w":{"a":0,"k":80,"ix":5},"lc":1,"lj":1,"ml":4,"bm":0,"nm":"Stroke 1","mn":"ADBE Vector Graphic - Stroke","hd":false},{"ty":"tr","p":{"a":0,"k":[0,0],"ix":2},"a":{"a":0,"k":[0,0],"ix":1},"s":{"a":0,"k":[100,100],"ix":3},"r":{"a":0,"k":0,"ix":6},"o":{"a":0,"k":100,"ix":7},"sk":{"a":0,"k":0,"ix":4},"sa":{"a":0,"k":0,"ix":5},"nm":"Transform"}],"nm":"Shape 1","np":3,"cix":2,"bm":0,"ix":1,"mn":"ADBE Vector Group","hd":false},{"ty":"gr","it":[{"ind":0,"ty":"sh","ix":1,"ks":{"a":1,"k":[{"i":{"x":0.833,"y":0.833},"o":{"x":0.333,"y":0},"t":20,"s":[{"i":[[0,0],[-71,0],[0,0]],"o":[[0,0],[71,0],[0,0]],"v":[[-290,84],[-180,84],[-66,84]],"c":false}]},{"i":{"x":0.833,"y":0.833},"o":{"x":0.167,"y":0.167},"t":22,"s":[{"i":[[0,0],[-55,0],[0,0]],"o":[[0,0],[58,0],[0,0]],"v":[[-270,99],[-180,24],[-88,99]],"c":false}]},{"i":{"x":0.667,"y":1},"o":{"x":0.167,"y":0.167},"t":80,"s":[{"i":[[0,0],[-55,0],[0,0]],"o":[[0,0],[58,0],[0,0]],"v":[[-270,99],[-180,24],[-88,99]],"c":false}]},{"t":82,"s":[{"i":[[0,0],[-71,0],[0,0]],"o":[[0,0],[71,0],[0,0]],"v":[[-290,84],[-180,84],[-66,84]],"c":false}]}],"ix":2},"nm":"Path 1","mn":"ADBE Vector Shape - Group","hd":false},{"ty":"st","c":{"a":0,"k":[1,0.8666666666666667,0.2235294117647059,1],"ix":3},"o":{"a":0,"k":100,"ix":4},"w":{"a":0,"k":80,"ix":5},"lc":1,"lj":1,"ml":4,"bm":0,"nm":"Stroke 1","mn":"ADBE Vector Graphic - Stroke","hd":false},{"ty":"tr","p":{"a":0,"k":[0,0],"ix":2},"a":{"a":0,"k":[0,0],"ix":1},"s":{"a":0,"k":[100,100],"ix":3},"r":{"a":0,"k":0,"ix":6},"o":{"a":0,"k":100,"ix":7},"sk":{"a":0,"k":0,"ix":4},"sa":{"a":0,"k":0,"ix":5},"nm":"Transform"}],"nm":"Shape 2","np":3,"cix":2,"bm":0,"ix":2,"mn":"ADBE Vector Group","hd":false}],"ip":0,"op":900,"st":0,"bm":0},{"ddd":0,"ind":5,"ty":4,"nm":"cover 01","sr":1,"ks":{"o":{"a":1,"k":[{"t":22,"s":[100],"h":1},{"t":23,"s":[0],"h":1},{"t":79,"s":[0],"h":1},{"t":80,"s":[100],"h":1}],"ix":11},"r":{"a":0,"k":0,"ix":10},"p":{"a":0,"k":[500,500,0],"ix":2,"l":2},"a":{"a":0,"k":[0,0,0],"ix":1,"l":2},"s":{"a":0,"k":[100,100,100],"ix":6,"l":2}},"ao":0,"shapes":[{"ty":"gr","it":[{"ind":0,"ty":"sh","ix":1,"ks":{"a":1,"k":[{"i":{"x":0.833,"y":0.833},"o":{"x":0.333,"y":0},"t":20,"s":[{"i":[[0,0],[-71,0],[0,0]],"o":[[0,0],[71,0],[0,0]],"v":[[-290,-161],[-180,-161],[-66,-161]],"c":false}]},{"i":{"x":0.833,"y":0.833},"o":{"x":0.167,"y":0.167},"t":22,"s":[{"i":[[0,0],[-71,0],[0,0]],"o":[[0,0],[71,0],[0,0]],"v":[[-290,-77],[-180,-118],[-66,-76]],"c":false}]},{"i":{"x":0.667,"y":1},"o":{"x":0.167,"y":0.167},"t":80,"s":[{"i":[[0,0],[-71,0],[0,0]],"o":[[0,0],[71,0],[0,0]],"v":[[-290,-77],[-180,-118],[-66,-76]],"c":false}]},{"t":82,"s":[{"i":[[0,0],[-71,0],[0,0]],"o":[[0,0],[71,0],[0,0]],"v":[[-290,-161],[-180,-161],[-66,-161]],"c":false}]}],"ix":2},"nm":"Path 1","mn":"ADBE Vector Shape - Group","hd":false},{"ty":"st","c":{"a":0,"k":[1,0.8666666666666667,0.2235294117647059,1],"ix":3},"o":{"a":0,"k":100,"ix":4},"w":{"a":0,"k":80,"ix":5},"lc":1,"lj":1,"ml":4,"bm":0,"nm":"Stroke 1","mn":"ADBE Vector Graphic - Stroke","hd":false},{"ty":"tr","p":{"a":0,"k":[0,0],"ix":2},"a":{"a":0,"k":[0,0],"ix":1},"s":{"a":0,"k":[100,100],"ix":3},"r":{"a":0,"k":0,"ix":6},"o":{"a":0,"k":100,"ix":7},"sk":{"a":0,"k":0,"ix":4},"sa":{"a":0,"k":0,"ix":5},"nm":"Transform"}],"nm":"Shape 1","np":3,"cix":2,"bm":0,"ix":1,"mn":"ADBE Vector Group","hd":false},{"ty":"gr","it":[{"ind":0,"ty":"sh","ix":1,"ks":{"a":1,"k":[{"i":{"x":0.833,"y":0.833},"o":{"x":0.333,"y":0},"t":20,"s":[{"i":[[0,0],[-71,0],[0,0]],"o":[[0,0],[71,0],[0,0]],"v":[[-290,84],[-180,84],[-66,84]],"c":false}]},{"i":{"x":0.833,"y":0.833},"o":{"x":0.167,"y":0.167},"t":22,"s":[{"i":[[0,0],[-55,0],[0,0]],"o":[[0,0],[58,0],[0,0]],"v":[[-270,99],[-180,24],[-88,99]],"c":false}]},{"i":{"x":0.667,"y":1},"o":{"x":0.167,"y":0.167},"t":80,"s":[{"i":[[0,0],[-55,0],[0,0]],"o":[[0,0],[58,0],[0,0]],"v":[[-270,99],[-180,24],[-88,99]],"c":false}]},{"t":82,"s":[{"i":[[0,0],[-71,0],[0,0]],"o":[[0,0],[71,0],[0,0]],"v":[[-290,84],[-180,84],[-66,84]],"c":false}]}],"ix":2},"nm":"Path 1","mn":"ADBE Vector Shape - Group","hd":false},{"ty":"st","c":{"a":0,"k":[1,0.8666666666666667,0.2235294117647059,1],"ix":3},"o":{"a":0,"k":100,"ix":4},"w":{"a":0,"k":80,"ix":5},"lc":1,"lj":1,"ml":4,"bm":0,"nm":"Stroke 1","mn":"ADBE Vector Graphic - Stroke","hd":false},{"ty":"tr","p":{"a":0,"k":[0,0],"ix":2},"a":{"a":0,"k":[0,0],"ix":1},"s":{"a":0,"k":[100,100],"ix":3},"r":{"a":0,"k":0,"ix":6},"o":{"a":0,"k":100,"ix":7},"sk":{"a":0,"k":0,"ix":4},"sa":{"a":0,"k":0,"ix":5},"nm":"Transform"}],"nm":"Shape 2","np":3,"cix":2,"bm":0,"ix":2,"mn":"ADBE Vector Group","hd":false}],"ip":0,"op":900,"st":0,"bm":0},{"ddd":0,"ind":6,"ty":4,"nm":"eyes open","sr":1,"ks":{"o":{"a":1,"k":[{"t":22,"s":[100],"h":1},{"t":23,"s":[0],"h":1},{"t":79,"s":[0],"h":1},{"t":80,"s":[100],"h":1}],"ix":11},"r":{"a":0,"k":0,"ix":10},"p":{"a":0,"k":[500,500,0],"ix":2,"l":2},"a":{"a":0,"k":[63.567,28.004,0],"ix":1,"l":2},"s":{"a":0,"k":[400,400,100],"ix":6,"l":2}},"ao":0,"shapes":[{"ty":"gr","it":[{"ind":0,"ty":"sh","ix":1,"ks":{"a":0,"k":{"i":[[0,-3.265],[3.265,0],[0,3.265],[-3.266,0]],"o":[[0,3.265],[-3.266,0],[0,-3.265],[3.265,0]],"v":[[5.912,0],[0.001,5.911],[-5.912,0],[0.001,-5.911]],"c":true},"ix":2},"nm":"Path 1","mn":"ADBE Vector Shape - Group","hd":false},{"ty":"fl","c":{"a":0,"k":[1,1,1,1],"ix":4},"o":{"a":0,"k":100,"ix":5},"r":1,"bm":0,"nm":"Fill 1","mn":"ADBE Vector Graphic - Fill","hd":false},{"ty":"tr","p":{"a":0,"k":[105.78,12.325],"ix":2},"a":{"a":0,"k":[0,0],"ix":1},"s":{"a":0,"k":[100,100],"ix":3},"r":{"a":0,"k":0,"ix":6},"o":{"a":0,"k":100,"ix":7},"sk":{"a":0,"k":0,"ix":4},"sa":{"a":0,"k":0,"ix":5},"nm":"Transform"}],"nm":"Group 2","np":2,"cix":2,"bm":0,"ix":1,"mn":"ADBE Vector Group","hd":false},{"ty":"gr","it":[{"ind":0,"ty":"sh","ix":1,"ks":{"a":0,"k":{"i":[[0,-9.969],[9.97,0],[0,9.97],[-9.969,0]],"o":[[0,9.97],[-9.969,0],[0,-9.969],[9.97,0]],"v":[[18.052,-0.001],[0,18.051],[-18.052,-0.001],[0,-18.051]],"c":true},"ix":2},"nm":"Path 1","mn":"ADBE Vector Shape - Group","hd":false},{"ty":"fl","c":{"a":0,"k":[0.1803921568627451,0.0196078431372549,0.3058823529411765,1],"ix":4},"o":{"a":0,"k":100,"ix":5},"r":1,"bm":0,"nm":"Fill 1","mn":"ADBE Vector Graphic - Fill","hd":false},{"ty":"tr","p":{"a":0,"k":[108.833,18.302],"ix":2},"a":{"a":0,"k":[0,0],"ix":1},"s":{"a":0,"k":[100,100],"ix":3},"r":{"a":0,"k":0,"ix":6},"o":{"a":0,"k":100,"ix":7},"sk":{"a":0,"k":0,"ix":4},"sa":{"a":0,"k":0,"ix":5},"nm":"Transform"}],"nm":"Group 3","np":2,"cix":2,"bm":0,"ix":2,"mn":"ADBE Vector Group","hd":false},{"ty":"gr","it":[{"ind":0,"ty":"sh","ix":1,"ks":{"a":0,"k":{"i":[[0,-3.265],[3.265,0],[0,3.265],[-3.264,0]],"o":[[0,3.265],[-3.264,0],[0,-3.265],[3.265,0]],"v":[[5.912,0],[-0.001,5.911],[-5.912,0],[-0.001,-5.911]],"c":true},"ix":2},"nm":"Path 1","mn":"ADBE Vector Shape - Group","hd":false},{"ty":"fl","c":{"a":0,"k":[1,1,1,1],"ix":4},"o":{"a":0,"k":100,"ix":5},"r":1,"bm":0,"nm":"Fill 1","mn":"ADBE Vector Graphic - Fill","hd":false},{"ty":"tr","p":{"a":0,"k":[15.249,12.325],"ix":2},"a":{"a":0,"k":[0,0],"ix":1},"s":{"a":0,"k":[100,100],"ix":3},"r":{"a":0,"k":0,"ix":6},"o":{"a":0,"k":100,"ix":7},"sk":{"a":0,"k":0,"ix":4},"sa":{"a":0,"k":0,"ix":5},"nm":"Transform"}],"nm":"Group 4","np":2,"cix":2,"bm":0,"ix":3,"mn":"ADBE Vector Group","hd":false},{"ty":"gr","it":[{"ind":0,"ty":"sh","ix":1,"ks":{"a":0,"k":{"i":[[0,-9.969],[9.969,0],[0,9.97],[-9.97,0]],"o":[[0,9.97],[-9.97,0],[0,-9.969],[9.969,0]],"v":[[18.051,-0.001],[0,18.051],[-18.051,-0.001],[0,-18.051]],"c":true},"ix":2},"nm":"Path 1","mn":"ADBE Vector Shape - Group","hd":false},{"ty":"fl","c":{"a":0,"k":[0.1803921568627451,0.0196078431372549,0.3058823529411765,1],"ix":4},"o":{"a":0,"k":100,"ix":5},"r":1,"bm":0,"nm":"Fill 1","mn":"ADBE Vector Graphic - Fill","hd":false},{"ty":"tr","p":{"a":0,"k":[18.301,18.302],"ix":2},"a":{"a":0,"k":[0,0],"ix":1},"s":{"a":0,"k":[100,100],"ix":3},"r":{"a":0,"k":0,"ix":6},"o":{"a":0,"k":100,"ix":7},"sk":{"a":0,"k":0,"ix":4},"sa":{"a":0,"k":0,"ix":5},"nm":"Transform"}],"nm":"Group 5","np":2,"cix":2,"bm":0,"ix":4,"mn":"ADBE Vector Group","hd":false}],"ip":0,"op":900,"st":0,"bm":0}]},{"id":"comp_1","layers":[{"ddd":0,"ind":1,"ty":4,"nm":"accents 5","sr":1,"ks":{"o":{"a":1,"k":[{"i":{"x":[0.833],"y":[0.833]},"o":{"x":[0.167],"y":[0.167]},"t":28,"s":[0]},{"i":{"x":[0.833],"y":[0.833]},"o":{"x":[0.167],"y":[0.167]},"t":30,"s":[100]},{"i":{"x":[0.833],"y":[0.833]},"o":{"x":[0.167],"y":[0.167]},"t":37,"s":[100]},{"t":42,"s":[0]}],"ix":11},"r":{"a":0,"k":0,"ix":10},"p":{"a":1,"k":[{"i":{"x":0.667,"y":1},"o":{"x":0.167,"y":0.167},"t":28,"s":[354.732,336.184,0],"to":[0,0,0],"ti":[0,0,0]},{"t":42,"s":[284.732,266.184,0]}],"ix":2,"l":2},"a":{"a":0,"k":[88.131,88.95,0],"ix":1,"l":2},"s":{"a":0,"k":[100,100,100],"ix":6,"l":2}},"ao":0,"shapes":[{"ty":"gr","it":[{"ind":0,"ty":"sh","ix":1,"ks":{"a":1,"k":[{"i":{"x":0.667,"y":1},"o":{"x":0.167,"y":0.167},"t":28,"s":[{"i":[[0,0],[-17.514,6.664]],"o":[[5.658,-17.864],[0,0]],"v":[[-20.979,22.206],[20.979,-22.206]],"c":false}]},{"t":42,"s":[{"i":[[0,0],[-38.792,14.76]],"o":[[12.532,-39.567],[0,0]],"v":[[-46.465,49.184],[46.465,-49.184]],"c":false}]}],"ix":2},"nm":"Path 1","mn":"ADBE Vector Shape - Group","hd":false},{"ty":"st","c":{"a":0,"k":[0.38823529411764707,0,0.6392156862745098,1],"ix":3},"o":{"a":0,"k":100,"ix":4},"w":{"a":1,"k":[{"i":{"x":[0.667],"y":[1]},"o":{"x":[0.167],"y":[0.167]},"t":28,"s":[15]},{"t":42,"s":[25]}],"ix":5},"lc":2,"lj":1,"ml":10,"bm":0,"nm":"Stroke 1","mn":"ADBE Vector Graphic - Stroke","hd":false},{"ty":"tr","p":{"a":0,"k":[88.131,88.95],"ix":2},"a":{"a":0,"k":[0,0],"ix":1},"s":{"a":0,"k":[100,100],"ix":3},"r":{"a":0,"k":0,"ix":6},"o":{"a":0,"k":100,"ix":7},"sk":{"a":0,"k":0,"ix":4},"sa":{"a":0,"k":0,"ix":5},"nm":"Transform"}],"nm":"Group 2","np":2,"cix":2,"bm":0,"ix":1,"mn":"ADBE Vector Group","hd":false}],"ip":28,"op":42,"st":19,"bm":0},{"ddd":0,"ind":2,"ty":4,"nm":"accents 4","sr":1,"ks":{"o":{"a":1,"k":[{"i":{"x":[0.833],"y":[0.833]},"o":{"x":[0.167],"y":[0.167]},"t":21,"s":[0]},{"i":{"x":[0.833],"y":[0.833]},"o":{"x":[0.167],"y":[0.167]},"t":23,"s":[100]},{"i":{"x":[0.833],"y":[0.833]},"o":{"x":[0.167],"y":[0.167]},"t":30,"s":[100]},{"t":35,"s":[0]}],"ix":11},"r":{"a":0,"k":0,"ix":10},"p":{"a":1,"k":[{"i":{"x":0.667,"y":1},"o":{"x":0.167,"y":0.167},"t":21,"s":[354.732,336.184,0],"to":[0,0,0],"ti":[0,0,0]},{"t":35,"s":[284.732,266.184,0]}],"ix":2,"l":2},"a":{"a":0,"k":[88.131,88.95,0],"ix":1,"l":2},"s":{"a":0,"k":[100,100,100],"ix":6,"l":2}},"ao":0,"shapes":[{"ty":"gr","it":[{"ind":0,"ty":"sh","ix":1,"ks":{"a":1,"k":[{"i":{"x":0.667,"y":1},"o":{"x":0.167,"y":0.167},"t":21,"s":[{"i":[[0,0],[-17.514,6.664]],"o":[[5.658,-17.864],[0,0]],"v":[[-20.979,22.206],[20.979,-22.206]],"c":false}]},{"t":35,"s":[{"i":[[0,0],[-38.792,14.76]],"o":[[12.532,-39.567],[0,0]],"v":[[-46.465,49.184],[46.465,-49.184]],"c":false}]}],"ix":2},"nm":"Path 1","mn":"ADBE Vector Shape - Group","hd":false},{"ty":"st","c":{"a":0,"k":[0.38823529411764707,0,0.6392156862745098,1],"ix":3},"o":{"a":0,"k":100,"ix":4},"w":{"a":1,"k":[{"i":{"x":[0.667],"y":[1]},"o":{"x":[0.167],"y":[0.167]},"t":21,"s":[15]},{"t":35,"s":[25]}],"ix":5},"lc":2,"lj":1,"ml":10,"bm":0,"nm":"Stroke 1","mn":"ADBE Vector Graphic - Stroke","hd":false},{"ty":"tr","p":{"a":0,"k":[88.131,88.95],"ix":2},"a":{"a":0,"k":[0,0],"ix":1},"s":{"a":0,"k":[100,100],"ix":3},"r":{"a":0,"k":0,"ix":6},"o":{"a":0,"k":100,"ix":7},"sk":{"a":0,"k":0,"ix":4},"sa":{"a":0,"k":0,"ix":5},"nm":"Transform"}],"nm":"Group 2","np":2,"cix":2,"bm":0,"ix":1,"mn":"ADBE Vector Group","hd":false}],"ip":21,"op":35,"st":12,"bm":0},{"ddd":0,"ind":3,"ty":4,"nm":"accents 3","sr":1,"ks":{"o":{"a":1,"k":[{"i":{"x":[0.833],"y":[0.833]},"o":{"x":[0.167],"y":[0.167]},"t":14,"s":[0]},{"i":{"x":[0.833],"y":[0.833]},"o":{"x":[0.167],"y":[0.167]},"t":16,"s":[100]},{"i":{"x":[0.833],"y":[0.833]},"o":{"x":[0.167],"y":[0.167]},"t":23,"s":[100]},{"t":28,"s":[0]}],"ix":11},"r":{"a":0,"k":0,"ix":10},"p":{"a":1,"k":[{"i":{"x":0.667,"y":1},"o":{"x":0.167,"y":0.167},"t":14,"s":[354.732,336.184,0],"to":[0,0,0],"ti":[0,0,0]},{"t":28,"s":[284.732,266.184,0]}],"ix":2,"l":2},"a":{"a":0,"k":[88.131,88.95,0],"ix":1,"l":2},"s":{"a":0,"k":[100,100,100],"ix":6,"l":2}},"ao":0,"shapes":[{"ty":"gr","it":[{"ind":0,"ty":"sh","ix":1,"ks":{"a":1,"k":[{"i":{"x":0.667,"y":1},"o":{"x":0.167,"y":0.167},"t":14,"s":[{"i":[[0,0],[-17.514,6.664]],"o":[[5.658,-17.864],[0,0]],"v":[[-20.979,22.206],[20.979,-22.206]],"c":false}]},{"t":28,"s":[{"i":[[0,0],[-38.792,14.76]],"o":[[12.532,-39.567],[0,0]],"v":[[-46.465,49.184],[46.465,-49.184]],"c":false}]}],"ix":2},"nm":"Path 1","mn":"ADBE Vector Shape - Group","hd":false},{"ty":"st","c":{"a":0,"k":[0.38823529411764707,0,0.6392156862745098,1],"ix":3},"o":{"a":0,"k":100,"ix":4},"w":{"a":1,"k":[{"i":{"x":[0.667],"y":[1]},"o":{"x":[0.167],"y":[0.167]},"t":14,"s":[15]},{"t":28,"s":[25]}],"ix":5},"lc":2,"lj":1,"ml":10,"bm":0,"nm":"Stroke 1","mn":"ADBE Vector Graphic - Stroke","hd":false},{"ty":"tr","p":{"a":0,"k":[88.131,88.95],"ix":2},"a":{"a":0,"k":[0,0],"ix":1},"s":{"a":0,"k":[100,100],"ix":3},"r":{"a":0,"k":0,"ix":6},"o":{"a":0,"k":100,"ix":7},"sk":{"a":0,"k":0,"ix":4},"sa":{"a":0,"k":0,"ix":5},"nm":"Transform"}],"nm":"Group 2","np":2,"cix":2,"bm":0,"ix":1,"mn":"ADBE Vector Group","hd":false}],"ip":14,"op":28,"st":5,"bm":0},{"ddd":0,"ind":4,"ty":4,"nm":"accents 2","sr":1,"ks":{"o":{"a":1,"k":[{"i":{"x":[0.833],"y":[0.833]},"o":{"x":[0.167],"y":[0.167]},"t":7,"s":[0]},{"i":{"x":[0.833],"y":[0.833]},"o":{"x":[0.167],"y":[0.167]},"t":9,"s":[100]},{"i":{"x":[0.833],"y":[0.833]},"o":{"x":[0.167],"y":[0.167]},"t":16,"s":[100]},{"t":21,"s":[0]}],"ix":11},"r":{"a":0,"k":0,"ix":10},"p":{"a":1,"k":[{"i":{"x":0.667,"y":1},"o":{"x":0.167,"y":0.167},"t":7,"s":[354.732,336.184,0],"to":[0,0,0],"ti":[0,0,0]},{"t":21,"s":[284.732,266.184,0]}],"ix":2,"l":2},"a":{"a":0,"k":[88.131,88.95,0],"ix":1,"l":2},"s":{"a":0,"k":[100,100,100],"ix":6,"l":2}},"ao":0,"shapes":[{"ty":"gr","it":[{"ind":0,"ty":"sh","ix":1,"ks":{"a":1,"k":[{"i":{"x":0.667,"y":1},"o":{"x":0.167,"y":0.167},"t":7,"s":[{"i":[[0,0],[-17.514,6.664]],"o":[[5.658,-17.864],[0,0]],"v":[[-20.979,22.206],[20.979,-22.206]],"c":false}]},{"t":21,"s":[{"i":[[0,0],[-38.792,14.76]],"o":[[12.532,-39.567],[0,0]],"v":[[-46.465,49.184],[46.465,-49.184]],"c":false}]}],"ix":2},"nm":"Path 1","mn":"ADBE Vector Shape - Group","hd":false},{"ty":"st","c":{"a":0,"k":[0.38823529411764707,0,0.6392156862745098,1],"ix":3},"o":{"a":0,"k":100,"ix":4},"w":{"a":1,"k":[{"i":{"x":[0.667],"y":[1]},"o":{"x":[0.167],"y":[0.167]},"t":7,"s":[15]},{"t":21,"s":[25]}],"ix":5},"lc":2,"lj":1,"ml":10,"bm":0,"nm":"Stroke 1","mn":"ADBE Vector Graphic - Stroke","hd":false},{"ty":"tr","p":{"a":0,"k":[88.131,88.95],"ix":2},"a":{"a":0,"k":[0,0],"ix":1},"s":{"a":0,"k":[100,100],"ix":3},"r":{"a":0,"k":0,"ix":6},"o":{"a":0,"k":100,"ix":7},"sk":{"a":0,"k":0,"ix":4},"sa":{"a":0,"k":0,"ix":5},"nm":"Transform"}],"nm":"Group 2","np":2,"cix":2,"bm":0,"ix":1,"mn":"ADBE Vector Group","hd":false}],"ip":7,"op":21,"st":-2,"bm":0},{"ddd":0,"ind":5,"ty":4,"nm":"accents 1","sr":1,"ks":{"o":{"a":1,"k":[{"i":{"x":[0.833],"y":[0.833]},"o":{"x":[0.167],"y":[0.167]},"t":0,"s":[0]},{"i":{"x":[0.833],"y":[0.833]},"o":{"x":[0.167],"y":[0.167]},"t":2,"s":[100]},{"i":{"x":[0.833],"y":[0.833]},"o":{"x":[0.167],"y":[0.167]},"t":9,"s":[100]},{"t":14,"s":[0]}],"ix":11},"r":{"a":0,"k":0,"ix":10},"p":{"a":1,"k":[{"i":{"x":0.667,"y":1},"o":{"x":0.167,"y":0.167},"t":0,"s":[354.732,336.184,0],"to":[0,0,0],"ti":[0,0,0]},{"t":14,"s":[284.732,266.184,0]}],"ix":2,"l":2},"a":{"a":0,"k":[88.131,88.95,0],"ix":1,"l":2},"s":{"a":0,"k":[100,100,100],"ix":6,"l":2}},"ao":0,"shapes":[{"ty":"gr","it":[{"ind":0,"ty":"sh","ix":1,"ks":{"a":1,"k":[{"i":{"x":0.667,"y":1},"o":{"x":0.167,"y":0.167},"t":0,"s":[{"i":[[0,0],[-17.514,6.664]],"o":[[5.658,-17.864],[0,0]],"v":[[-20.979,22.206],[20.979,-22.206]],"c":false}]},{"t":14,"s":[{"i":[[0,0],[-38.792,14.76]],"o":[[12.532,-39.567],[0,0]],"v":[[-46.465,49.184],[46.465,-49.184]],"c":false}]}],"ix":2},"nm":"Path 1","mn":"ADBE Vector Shape - Group","hd":false},{"ty":"st","c":{"a":0,"k":[0.38823529411764707,0,0.6392156862745098,1],"ix":3},"o":{"a":0,"k":100,"ix":4},"w":{"a":1,"k":[{"i":{"x":[0.667],"y":[1]},"o":{"x":[0.167],"y":[0.167]},"t":0,"s":[15]},{"t":14,"s":[25]}],"ix":5},"lc":2,"lj":1,"ml":10,"bm":0,"nm":"Stroke 1","mn":"ADBE Vector Graphic - Stroke","hd":false},{"ty":"tr","p":{"a":0,"k":[88.131,88.95],"ix":2},"a":{"a":0,"k":[0,0],"ix":1},"s":{"a":0,"k":[100,100],"ix":3},"r":{"a":0,"k":0,"ix":6},"o":{"a":0,"k":100,"ix":7},"sk":{"a":0,"k":0,"ix":4},"sa":{"a":0,"k":0,"ix":5},"nm":"Transform"}],"nm":"Group 2","np":2,"cix":2,"bm":0,"ix":1,"mn":"ADBE Vector Group","hd":false}],"ip":0,"op":14,"st":-9,"bm":0}]}],"layers":[{"ddd":0,"ind":1,"ty":0,"nm":"face","parent":5,"refId":"comp_0","sr":1,"ks":{"o":{"a":0,"k":100,"ix":11},"r":{"a":0,"k":0,"ix":10},"p":{"a":0,"k":[196.099,236.89,0],"ix":2,"l":2},"a":{"a":0,"k":[500,500,0],"ix":1,"l":2},"s":{"a":0,"k":[25,25,100],"ix":6,"l":2}},"ao":0,"w":1000,"h":1000,"ip":0,"op":900,"st":0,"bm":0},{"ddd":0,"ind":2,"ty":0,"nm":"Accents R","parent":3,"refId":"comp_1","sr":1,"ks":{"o":{"a":0,"k":80,"ix":11},"r":{"a":0,"k":0,"ix":10},"p":{"a":0,"k":[500,500,0],"ix":2,"l":2},"a":{"a":0,"k":[500,500,0],"ix":1,"l":2},"s":{"a":0,"k":[-100,100,100],"ix":6,"l":2}},"ao":0,"w":1000,"h":1000,"ip":22,"op":64,"st":22,"bm":0},{"ddd":0,"ind":3,"ty":0,"nm":"Accents L","parent":4,"refId":"comp_1","sr":1,"ks":{"o":{"a":0,"k":80,"ix":11},"r":{"a":0,"k":0,"ix":10},"p":{"a":0,"k":[0,-239,0],"ix":2,"l":2},"a":{"a":0,"k":[500,424,0],"ix":1,"l":2},"s":{"a":0,"k":[90,90,100],"ix":6,"l":2}},"ao":0,"w":1000,"h":1000,"ip":22,"op":64,"st":22,"bm":0},{"ddd":0,"ind":4,"ty":3,"nm":"body ctrl","sr":1,"ks":{"o":{"a":0,"k":0,"ix":11},"r":{"a":0,"k":0,"ix":10},"p":{"a":1,"k":[{"i":{"x":0.667,"y":1},"o":{"x":0.5,"y":0},"t":13,"s":[500,663,0],"to":[0,0,0],"ti":[0,0,0]},{"i":{"x":0.1,"y":1},"o":{"x":0.333,"y":0},"t":18,"s":[500,693,0],"to":[0,0,0],"ti":[0,0,0]},{"i":{"x":0.1,"y":1},"o":{"x":0.167,"y":0},"t":27,"s":[500,643,0],"to":[0,0,0],"ti":[0,0,0]},{"i":{"x":0.667,"y":1},"o":{"x":0.9,"y":0},"t":69,"s":[500,633,0],"to":[0,0,0],"ti":[0,0,0]},{"i":{"x":0.5,"y":1},"o":{"x":0.333,"y":0},"t":77,"s":[500,683,0],"to":[0,0,0],"ti":[0,0,0]},{"t":85,"s":[500,663,0]}],"ix":2,"l":2},"a":{"a":0,"k":[0,0,0],"ix":1,"l":2},"s":{"a":1,"k":[{"i":{"x":[0.667,0.667,0.667],"y":[1,1,1]},"o":{"x":[0.5,0.5,0.5],"y":[0,0,0]},"t":14,"s":[100,100,100]},{"i":{"x":[0.1,0.1,0.1],"y":[1,1,1]},"o":{"x":[0.333,0.333,0.333],"y":[0,0,0]},"t":19,"s":[103,97,100]},{"i":{"x":[0.1,0.1,0.1],"y":[1,1,1]},"o":{"x":[0.167,0.167,0.167],"y":[0,0,0]},"t":28,"s":[100,100,100]},{"i":{"x":[0.667,0.667,0.667],"y":[1,1,1]},"o":{"x":[0.9,0.9,0.9],"y":[0,0,0]},"t":70,"s":[100,100,100]},{"i":{"x":[0.5,0.5,0.5],"y":[1,1,1]},"o":{"x":[0.333,0.333,0.333],"y":[0,0,0]},"t":78,"s":[102,98,100]},{"t":86,"s":[100,100,100]}],"ix":6,"l":2}},"ao":0,"ip":0,"op":900,"st":0,"bm":0},{"ddd":0,"ind":5,"ty":4,"nm":"body","parent":4,"sr":1,"ks":{"o":{"a":0,"k":100,"ix":11},"r":{"a":1,"k":[{"i":{"x":[0.6],"y":[1]},"o":{"x":[0.333],"y":[0]},"t":19,"s":[0]},{"i":{"x":[0.6],"y":[1]},"o":{"x":[0.4],"y":[0]},"t":24,"s":[18]},{"i":{"x":[0.6],"y":[1]},"o":{"x":[0.4],"y":[0]},"t":29,"s":[-17]},{"i":{"x":[0.6],"y":[1]},"o":{"x":[0.4],"y":[0]},"t":34,"s":[16]},{"i":{"x":[0.6],"y":[1]},"o":{"x":[0.4],"y":[0]},"t":39,"s":[-14]},{"i":{"x":[0.6],"y":[1]},"o":{"x":[0.4],"y":[0]},"t":44,"s":[12]},{"i":{"x":[0.6],"y":[1]},"o":{"x":[0.4],"y":[0]},"t":49,"s":[-10]},{"i":{"x":[0.6],"y":[1]},"o":{"x":[0.4],"y":[0]},"t":54,"s":[7]},{"i":{"x":[0.6],"y":[1]},"o":{"x":[0.4],"y":[0]},"t":59,"s":[-4]},{"i":{"x":[0.6],"y":[1]},"o":{"x":[0.4],"y":[0]},"t":64,"s":[2]},{"i":{"x":[0.6],"y":[1]},"o":{"x":[0.4],"y":[0]},"t":69,"s":[-1]},{"t":74,"s":[0]}],"ix":10},"p":{"a":0,"k":[0.001,-318.068,0],"ix":2,"l":2},"a":{"a":0,"k":[196.1,53.822,0],"ix":1,"l":2},"s":{"a":0,"k":[100,100,100],"ix":6,"l":2}},"ao":0,"shapes":[{"ty":"gr","it":[{"ty":"gr","it":[{"ind":0,"ty":"sh","ix":1,"ks":{"a":0,"k":{"i":[[3.24,-4.522],[-3.046,-2.183],[-3.24,4.522],[3.046,2.183]],"o":[[-3.24,4.522],[3.046,2.182],[3.24,-4.522],[-3.047,-2.182]],"v":[[-5.516,-3.952],[-5.866,8.188],[4.728,3.701],[5.866,-8.189]],"c":true},"ix":2},"nm":"Path 1","mn":"ADBE Vector Shape - Group","hd":false},{"ty":"fl","c":{"a":0,"k":[0.9882352941176471,0.9098039215686274,0.5254901960784314,1],"ix":4},"o":{"a":0,"k":100,"ix":5},"r":1,"bm":0,"nm":"Fill 1","mn":"ADBE Vector Graphic - Fill","hd":false},{"ty":"tr","p":{"a":0,"k":[94.655,109.67],"ix":2},"a":{"a":0,"k":[0,0],"ix":1},"s":{"a":0,"k":[100,100],"ix":3},"r":{"a":0,"k":0,"ix":6},"o":{"a":0,"k":100,"ix":7},"sk":{"a":0,"k":0,"ix":4},"sa":{"a":0,"k":0,"ix":5},"nm":"Transform"}],"nm":"Group 1","np":2,"cix":2,"bm":0,"ix":1,"mn":"ADBE Vector Group","hd":false},{"ty":"gr","it":[{"ind":0,"ty":"sh","ix":1,"ks":{"a":0,"k":{"i":[[11.896,-7.566],[-4.714,-7.413],[-11.896,7.566],[4.714,7.413]],"o":[[-11.896,7.566],[4.715,7.412],[11.895,-7.566],[-4.715,-7.412]],"v":[[-8.536,-13.422],[-21.54,13.699],[5.735,10.663],[21.54,-13.699]],"c":true},"ix":2},"nm":"Path 1","mn":"ADBE Vector Shape - Group","hd":false},{"ty":"fl","c":{"a":0,"k":[0.9882352941176471,0.9098039215686274,0.5254901960784314,1],"ix":4},"o":{"a":0,"k":100,"ix":5},"r":1,"bm":0,"nm":"Fill 1","mn":"ADBE Vector Graphic - Fill","hd":false},{"ty":"tr","p":{"a":0,"k":[129.735,75.343],"ix":2},"a":{"a":0,"k":[0,0],"ix":1},"s":{"a":0,"k":[100,100],"ix":3},"r":{"a":0,"k":0,"ix":6},"o":{"a":0,"k":100,"ix":7},"sk":{"a":0,"k":0,"ix":4},"sa":{"a":0,"k":0,"ix":5},"nm":"Transform"}],"nm":"Group 2","np":2,"cix":2,"bm":0,"ix":2,"mn":"ADBE Vector Group","hd":false},{"ty":"tr","p":{"a":0,"k":[193.595,148.441],"ix":2},"a":{"a":0,"k":[193.595,148.441],"ix":1},"s":{"a":0,"k":[100,100],"ix":3},"r":{"a":1,"k":[{"i":{"x":[0.6],"y":[1]},"o":{"x":[0.333],"y":[0]},"t":19,"s":[0]},{"i":{"x":[0.6],"y":[1]},"o":{"x":[0.4],"y":[0]},"t":24,"s":[-8]},{"i":{"x":[0.6],"y":[1]},"o":{"x":[0.4],"y":[0]},"t":29,"s":[7]},{"i":{"x":[0.6],"y":[1]},"o":{"x":[0.4],"y":[0]},"t":34,"s":[-6]},{"i":{"x":[0.6],"y":[1]},"o":{"x":[0.4],"y":[0]},"t":39,"s":[5]},{"i":{"x":[0.6],"y":[1]},"o":{"x":[0.4],"y":[0]},"t":44,"s":[-4.5]},{"i":{"x":[0.6],"y":[1]},"o":{"x":[0.4],"y":[0]},"t":49,"s":[4]},{"i":{"x":[0.6],"y":[1]},"o":{"x":[0.4],"y":[0]},"t":54,"s":[-3]},{"i":{"x":[0.6],"y":[1]},"o":{"x":[0.4],"y":[0]},"t":59,"s":[1.5]},{"i":{"x":[0.6],"y":[1]},"o":{"x":[0.4],"y":[0]},"t":64,"s":[-0.75]},{"t":69,"s":[0]}],"ix":6},"o":{"a":0,"k":100,"ix":7},"sk":{"a":0,"k":0,"ix":4},"sa":{"a":0,"k":0,"ix":5},"nm":"Transform"}],"nm":"reflection","np":2,"cix":2,"bm":0,"ix":1,"mn":"ADBE Vector Group","hd":false},{"ty":"gr","it":[{"ind":0,"ty":"sh","ix":1,"ks":{"a":0,"k":{"i":[[1.254,0],[0,0],[0,1.254],[-1.254,0],[0,0],[0,-1.253]],"o":[[0,0],[-1.254,0],[0,-1.253],[0,0],[1.254,0],[0,1.254]],"v":[[49.342,2.271],[-49.342,2.271],[-51.613,0],[-49.342,-2.271],[49.342,-2.271],[51.613,0]],"c":true},"ix":2},"nm":"Path 1","mn":"ADBE Vector Shape - Group","hd":false},{"ty":"fl","c":{"a":0,"k":[0.9803921568627451,0.8117647058823529,0,1],"ix":4},"o":{"a":0,"k":100,"ix":5},"r":1,"bm":0,"nm":"Fill 1","mn":"ADBE Vector Graphic - Fill","hd":false},{"ty":"tr","p":{"a":0,"k":[308.218,321.148],"ix":2},"a":{"a":0,"k":[0,0],"ix":1},"s":{"a":0,"k":[100,100],"ix":3},"r":{"a":0,"k":0,"ix":6},"o":{"a":0,"k":100,"ix":7},"sk":{"a":0,"k":0,"ix":4},"sa":{"a":0,"k":0,"ix":5},"nm":"Transform"}],"nm":"Group 3","np":2,"cix":2,"bm":0,"ix":2,"mn":"ADBE Vector Group","hd":false},{"ty":"gr","it":[{"ind":0,"ty":"sh","ix":1,"ks":{"a":0,"k":{"i":[[3.867,0],[0,0],[0,3.867],[-3.866,0],[0,0],[0,-3.866]],"o":[[0,0],[-3.866,0],[0,-3.866],[0,0],[3.867,0],[0,3.867]],"v":[[5.799,7],[-5.799,7],[-12.8,0],[-5.799,-7],[5.799,-7],[12.8,0]],"c":true},"ix":2},"nm":"Path 1","mn":"ADBE Vector Shape - Group","hd":false},{"ty":"fl","c":{"a":0,"k":[0.9882352941176471,0.9098039215686274,0.5254901960784314,1],"ix":4},"o":{"a":0,"k":100,"ix":5},"r":1,"bm":0,"nm":"Fill 1","mn":"ADBE Vector Graphic - Fill","hd":false},{"ty":"tr","p":{"a":0,"k":[102.219,333.509],"ix":2},"a":{"a":0,"k":[0,0],"ix":1},"s":{"a":0,"k":[100,100],"ix":3},"r":{"a":0,"k":0,"ix":6},"o":{"a":0,"k":100,"ix":7},"sk":{"a":0,"k":0,"ix":4},"sa":{"a":0,"k":0,"ix":5},"nm":"Transform"}],"nm":"Group 4","np":2,"cix":2,"bm":0,"ix":3,"mn":"ADBE Vector Group","hd":false},{"ty":"gr","it":[{"ind":0,"ty":"sh","ix":1,"ks":{"a":0,"k":{"i":[[3.866,0],[0,0],[0,3.867],[-3.866,0],[0,0],[0,-3.866]],"o":[[0,0],[-3.866,0],[0,-3.866],[0,0],[3.866,0],[0,3.867]],"v":[[24.478,7],[-24.478,7],[-31.479,0],[-24.478,-7],[24.478,-7],[31.479,0]],"c":true},"ix":2},"nm":"Path 1","mn":"ADBE Vector Shape - Group","hd":false},{"ty":"fl","c":{"a":0,"k":[0.9882352941176471,0.9098039215686274,0.5254901960784314,1],"ix":4},"o":{"a":0,"k":100,"ix":5},"r":1,"bm":0,"nm":"Fill 1","mn":"ADBE Vector Graphic - Fill","hd":false},{"ty":"tr","p":{"a":0,"k":[47.428,333.509],"ix":2},"a":{"a":0,"k":[0,0],"ix":1},"s":{"a":0,"k":[100,100],"ix":3},"r":{"a":0,"k":0,"ix":6},"o":{"a":0,"k":100,"ix":7},"sk":{"a":0,"k":0,"ix":4},"sa":{"a":0,"k":0,"ix":5},"nm":"Transform"}],"nm":"Group 5","np":2,"cix":2,"bm":0,"ix":4,"mn":"ADBE Vector Group","hd":false},{"ty":"gr","it":[{"ind":0,"ty":"sh","ix":1,"ks":{"a":0,"k":{"i":[[13.84,0],[0,0],[0,-13.841],[13.841,0],[0,0],[0,13.84]],"o":[[0,0],[13.841,0],[0,13.84],[0,0],[13.84,0],[0,-13.841]],"v":[[8.642,-25.061],[-33.703,-25.061],[-8.642,0.001],[-33.703,25.061],[8.642,25.061],[33.703,0.001]],"c":true},"ix":2},"nm":"Path 1","mn":"ADBE Vector Shape - Group","hd":false},{"ty":"fl","c":{"a":0,"k":[1,0.8666666666666667,0.2235294117647059,1],"ix":4},"o":{"a":0,"k":100,"ix":5},"r":1,"bm":0,"nm":"Fill 1","mn":"ADBE Vector Graphic - Fill","hd":false},{"ty":"tr","p":{"a":0,"k":[358.246,346.208],"ix":2},"a":{"a":0,"k":[0,0],"ix":1},"s":{"a":0,"k":[100,100],"ix":3},"r":{"a":0,"k":0,"ix":6},"o":{"a":0,"k":100,"ix":7},"sk":{"a":0,"k":0,"ix":4},"sa":{"a":0,"k":0,"ix":5},"nm":"Transform"}],"nm":"Group 6","np":2,"cix":2,"bm":0,"ix":5,"mn":"ADBE Vector Group","hd":false},{"ty":"gr","it":[{"ind":0,"ty":"sh","ix":1,"ks":{"a":0,"k":{"i":[[13.84,0],[0,0],[0,13.841],[-13.84,0],[0,0],[0,-13.84]],"o":[[0,0],[-13.84,0],[0,-13.84],[0,0],[13.84,0],[0,13.841]],"v":[[170.789,25.06],[-170.789,25.06],[-195.849,0],[-170.789,-25.06],[170.789,-25.06],[195.849,0]],"c":true},"ix":2},"nm":"Path 1","mn":"ADBE Vector Shape - Group","hd":false},{"ty":"fl","c":{"a":0,"k":[1,0.8666666666666667,0.2235294117647059,1],"ix":4},"o":{"a":0,"k":100,"ix":5},"r":1,"bm":0,"nm":"Fill 1","mn":"ADBE Vector Graphic - Fill","hd":false},{"ty":"tr","p":{"a":0,"k":[196.1,346.208],"ix":2},"a":{"a":0,"k":[0,0],"ix":1},"s":{"a":0,"k":[100,100],"ix":3},"r":{"a":0,"k":0,"ix":6},"o":{"a":0,"k":100,"ix":7},"sk":{"a":0,"k":0,"ix":4},"sa":{"a":0,"k":0,"ix":5},"nm":"Transform"}],"nm":"Group 7","np":2,"cix":2,"bm":0,"ix":6,"mn":"ADBE Vector Group","hd":false},{"ty":"gr","it":[{"ind":0,"ty":"sh","ix":1,"ks":{"a":0,"k":{"i":[[1.187,31.172],[0,0],[72.424,2.726],[0,-130.151],[0,0],[-20.893,-16.415],[0,0]],"o":[[0,0],[-2.781,-73.018],[0,0],[0,0],[0.935,31.172],[0,0],[-26.526,-16.415]],"v":[[46.67,79.083],[42.844,-21.351],[-91.004,-155.207],[10.995,-21.351],[14.008,79.083],[48.926,155.207],[91.004,155.207]],"c":true},"ix":2},"nm":"Path 1","mn":"ADBE Vector Shape - Group","hd":false},{"ty":"fl","c":{"a":0,"k":[0.9803921568627451,0.8117647058823529,0,1],"ix":4},"o":{"a":0,"k":100,"ix":5},"r":1,"bm":0,"nm":"Fill 1","mn":"ADBE Vector Graphic - Fill","hd":false},{"ty":"tr","p":{"a":0,"k":[292.422,182.665],"ix":2},"a":{"a":0,"k":[0,0],"ix":1},"s":{"a":0,"k":[100,100],"ix":3},"r":{"a":0,"k":0,"ix":6},"o":{"a":0,"k":100,"ix":7},"sk":{"a":0,"k":0,"ix":4},"sa":{"a":0,"k":0,"ix":5},"nm":"Transform"}],"nm":"Group 8","np":2,"cix":2,"bm":0,"ix":7,"mn":"ADBE Vector Group","hd":false},{"ty":"gr","it":[{"ind":0,"ty":"sh","ix":1,"ks":{"a":0,"k":{"i":[[-26.526,-16.414],[0,0],[-1.188,31.171],[0,0],[-74.852,0],[-2.85,-74.798],[0,0]],"o":[[0,0],[26.525,-16.415],[0,0],[2.849,-74.798],[74.853,0],[0,0],[1.188,31.172]],"v":[[187.327,155.263],[-187.327,155.263],[-142.995,79.141],[-139.168,-21.296],[-0.001,-155.262],[139.167,-21.295],[142.993,79.138]],"c":true},"ix":2},"nm":"Path 1","mn":"ADBE Vector Shape - Group","hd":false},{"ty":"fl","c":{"a":0,"k":[1,0.8666666666666667,0.2235294117647059,1],"ix":4},"o":{"a":0,"k":100,"ix":5},"r":1,"bm":0,"nm":"Fill 1","mn":"ADBE Vector Graphic - Fill","hd":false},{"ty":"tr","p":{"a":0,"k":[196.099,182.61],"ix":2},"a":{"a":0,"k":[0,0],"ix":1},"s":{"a":0,"k":[100,100],"ix":3},"r":{"a":0,"k":0,"ix":6},"o":{"a":0,"k":100,"ix":7},"sk":{"a":0,"k":0,"ix":4},"sa":{"a":0,"k":0,"ix":5},"nm":"Transform"}],"nm":"Group 9","np":2,"cix":2,"bm":0,"ix":8,"mn":"ADBE Vector Group","hd":false},{"ty":"gr","it":[{"ind":0,"ty":"sh","ix":1,"ks":{"a":0,"k":{"i":[[0,13.84],[0,0],[-13.841,0],[0,-13.84],[0,0],[13.84,0]],"o":[[0,0],[0,-13.84],[13.84,0],[0,0],[0,13.84],[-13.841,0]],"v":[[-25.06,2.037],[-25.06,-2.038],[0,-27.098],[25.06,-2.038],[25.06,2.037],[0,27.098]],"c":true},"ix":2},"nm":"Path 1","mn":"ADBE Vector Shape - Group","hd":false},{"ty":"fl","c":{"a":0,"k":[1,0.8666666666666667,0.2235294117647059,1],"ix":4},"o":{"a":0,"k":100,"ix":5},"r":1,"bm":0,"nm":"Fill 1","mn":"ADBE Vector Graphic - Fill","hd":false},{"ty":"tr","p":{"a":0,"k":[196.099,27.348],"ix":2},"a":{"a":0,"k":[0,0],"ix":1},"s":{"a":0,"k":[100,100],"ix":3},"r":{"a":0,"k":0,"ix":6},"o":{"a":0,"k":100,"ix":7},"sk":{"a":0,"k":0,"ix":4},"sa":{"a":0,"k":0,"ix":5},"nm":"Transform"}],"nm":"Group 10","np":2,"cix":2,"bm":0,"ix":9,"mn":"ADBE Vector Group","hd":false}],"ip":0,"op":900,"st":0,"bm":0},{"ddd":0,"ind":6,"ty":4,"nm":"bell","parent":5,"sr":1,"ks":{"o":{"a":0,"k":100,"ix":11},"r":{"a":1,"k":[{"i":{"x":[0.6],"y":[1]},"o":{"x":[0.333],"y":[0]},"t":21,"s":[0]},{"i":{"x":[0.6],"y":[1]},"o":{"x":[0.4],"y":[0]},"t":26,"s":[12]},{"i":{"x":[0.6],"y":[1]},"o":{"x":[0.4],"y":[0]},"t":31,"s":[-12]},{"i":{"x":[0.6],"y":[1]},"o":{"x":[0.4],"y":[0]},"t":36,"s":[12]},{"i":{"x":[0.6],"y":[1]},"o":{"x":[0.4],"y":[0]},"t":41,"s":[-11.523]},{"i":{"x":[0.6],"y":[1]},"o":{"x":[0.4],"y":[0]},"t":46,"s":[10.409]},{"i":{"x":[0.6],"y":[1]},"o":{"x":[0.4],"y":[0]},"t":51,"s":[-9.417]},{"i":{"x":[0.6],"y":[1]},"o":{"x":[0.4],"y":[0]},"t":56,"s":[7.152]},{"i":{"x":[0.6],"y":[1]},"o":{"x":[0.4],"y":[0]},"t":61,"s":[-5.568]},{"i":{"x":[0.6],"y":[1]},"o":{"x":[0.4],"y":[0]},"t":66,"s":[4.766]},{"i":{"x":[0.6],"y":[1]},"o":{"x":[0.4],"y":[0]},"t":71,"s":[-3.289]},{"i":{"x":[0.6],"y":[1]},"o":{"x":[0.4],"y":[0]},"t":76,"s":[2.116]},{"i":{"x":[0.6],"y":[1]},"o":{"x":[0.4],"y":[0]},"t":82,"s":[-1.727]},{"i":{"x":[0.6],"y":[1]},"o":{"x":[0.4],"y":[0]},"t":88,"s":[0.939]},{"i":{"x":[0.6],"y":[1]},"o":{"x":[0.4],"y":[0]},"t":94,"s":[-0.682]},{"t":100,"s":[0]}],"ix":10},"p":{"a":0,"k":[196.099,27.707,0],"ix":2,"l":2},"a":{"a":0,"k":[50.371,-277.692,0],"ix":1,"l":2},"s":{"a":0,"k":[100,100,100],"ix":6,"l":2}},"ao":0,"shapes":[{"ty":"gr","it":[{"ind":0,"ty":"sh","ix":1,"ks":{"a":0,"k":{"i":[[0,27.682],[27.681,0],[0,-27.681],[-27.681,0]],"o":[[0,-27.681],[-27.681,0],[0,27.682],[27.681,0]],"v":[[50.121,-0.001],[0,-50.12],[-50.121,-0.001],[0,50.12]],"c":true},"ix":2},"nm":"Path 1","mn":"ADBE Vector Shape - Group","hd":false},{"ty":"fl","c":{"a":0,"k":[0.38823529411764707,0,0.6392156862745098,1],"ix":4},"o":{"a":0,"k":100,"ix":5},"r":1,"bm":0,"nm":"Fill 1","mn":"ADBE Vector Graphic - Fill","hd":false},{"ty":"tr","p":{"a":0,"k":[50.371,50.371],"ix":2},"a":{"a":0,"k":[0,0],"ix":1},"s":{"a":0,"k":[100,100],"ix":3},"r":{"a":0,"k":0,"ix":6},"o":{"a":0,"k":100,"ix":7},"sk":{"a":0,"k":0,"ix":4},"sa":{"a":0,"k":0,"ix":5},"nm":"Transform"}],"nm":"Group 1","np":2,"cix":2,"bm":0,"ix":1,"mn":"ADBE Vector Group","hd":false},{"ty":"gr","it":[{"ty":"tr","p":{"a":0,"k":[0,0],"ix":2},"a":{"a":0,"k":[0,0],"ix":1},"s":{"a":0,"k":[100,100],"ix":3},"r":{"a":0,"k":0,"ix":6},"o":{"a":0,"k":100,"ix":7},"sk":{"a":0,"k":0,"ix":4},"sa":{"a":0,"k":0,"ix":5},"nm":"Transform"}],"nm":"Group 2","np":0,"cix":2,"bm":0,"ix":2,"mn":"ADBE Vector Group","hd":false}],"ip":0,"op":900,"st":0,"bm":0}],"markers":[]}